<?xml version="1.0" encoding="UTF-8"?>
<document type="com.apple.InterfaceBuilder3.CocoaTouch.Storyboard.XIB" version="3.0" toolsVersion="16096" targetRuntime="iOS.CocoaTouch" propertyAccessControl="none" useAutolayout="YES" useTraitCollections="YES" useSafeAreas="YES" colorMatched="YES" initialViewController="BYZ-38-t0r">
    <device id="retina6_1" orientation="portrait" appearance="light"/>
    <dependencies>
        <plugIn identifier="com.apple.InterfaceBuilder.IBCocoaTouchPlugin" version="16086"/>
        <capability name="Safe area layout guides" minToolsVersion="9.0"/>
        <capability name="documents saved in the Xcode 8 format" minToolsVersion="8.0"/>
    </dependencies>
    <scenes>
        <!--View Controller-->
        <scene sceneID="tne-QT-ifu">
            <objects>
                <viewController id="BYZ-38-t0r" customClass="ViewController" customModule="Task14Lab8" customModuleProvider="target" sceneMemberID="viewController">
                    <view key="view" multipleTouchEnabled="YES" contentMode="scaleToFill" id="8bC-Xf-vdC">
                        <rect key="frame" x="0.0" y="0.0" width="414" height="896"/>
                        <autoresizingMask key="autoresizingMask" widthSizable="YES" heightSizable="YES"/>
                        <subviews>
                            <label opaque="NO" clearsContextBeforeDrawing="NO" multipleTouchEnabled="YES" contentMode="scaleAspectFit" horizontalHuggingPriority="251" verticalHuggingPriority="251" fixedFrame="YES" text="Label" textAlignment="center" lineBreakMode="tailTruncation" baselineAdjustment="alignBaselines" adjustsFontSizeToFit="NO" translatesAutoresizingMaskIntoConstraints="NO" id="Xr8-eX-E2p">
                                <rect key="frame" x="10" y="773" width="394" height="116"/>
                                <autoresizingMask key="autoresizingMask" flexibleMaxX="YES" flexibleMaxY="YES"/>
                                <gestureRecognizers/>
                                <fontDescription key="fontDescription" type="system" pointSize="40"/>
                                <nil key="textColor"/>
                                <nil key="highlightedColor"/>
                                <connections>
                                    <outletCollection property="gestureRecognizers" destination="YzK-mS-umw" appends="YES" id="zCZ-Tf-g8c"/>
                                    <outletCollection property="gestureRecognizers" destination="5KW-R1-ufs" appends="YES" id="DRn-xS-gSL"/>
                                    <outletCollection property="gestureRecognizers" destination="8ZD-VL-iam" appends="YES" id="8yI-Al-Ff2"/>
                                    <outletCollection property="gestureRecognizers" destination="WOf-al-POf" appends="YES" id="faX-MZ-HMM"/>
                                    <outletCollection property="gestureRecognizers" destination="hRC-ss-r2X" appends="YES" id="mna-Xh-tzv"/>
                                </connections>
                            </label>
                            <imageView autoresizesSubviews="NO" opaque="NO" clipsSubviews="YES" multipleTouchEnabled="YES" contentMode="scaleAspectFill" horizontalHuggingPriority="251" verticalHuggingPriority="251" fixedFrame="YES" image="Dota2" highlighted="YES" adjustsImageSizeForAccessibilityContentSizeCategory="YES" translatesAutoresizingMaskIntoConstraints="NO" id="UqS-wG-hyv">
                                <rect key="frame" x="0.0" y="54" width="414" height="720"/>
                                <autoresizingMask key="autoresizingMask" flexibleMaxX="YES" flexibleMaxY="YES"/>
                            </imageView>
                        </subviews>
                        <color key="backgroundColor" systemColor="systemBackgroundColor" cocoaTouchSystemColor="whiteColor"/>
                        <viewLayoutGuide key="safeArea" id="6Tk-OE-BBY"/>
                    </view>
                    <connections>
                        <outlet property="Image" destination="UqS-wG-hyv" id="Qxs-l5-mGa"/>
                        <outlet property="Label" destination="Xr8-eX-E2p" id="y3Q-iW-njL"/>
                    </connections>
                </viewController>
                <placeholder placeholderIdentifier="IBFirstResponder" id="dkx-z0-nzr" sceneMemberID="firstResponder"/>
                <pongPressGestureRecognizer allowableMovement="10" minimumPressDuration="0.5" id="5KW-R1-ufs">
                    <connections>
                        <action selector="LongPress:" destination="BYZ-38-t0r" id="uSP-6Q-j0T"/>
                    </connections>
                </pongPressGestureRecognizer>
                <rotationGestureRecognizer id="WOf-al-POf">
                    <connections>
                        <action selector="Rotate:" destination="BYZ-38-t0r" id="Lbs-fv-7UN"/>
                    </connections>
                </rotationGestureRecognizer>
                <tapGestureRecognizer id="YzK-mS-umw">
                    <connections>
                        <action selector="Tap:" destination="BYZ-38-t0r" id="CDO-Mi-BW7"/>
                    </connections>
                </tapGestureRecognizer>
                <pinchGestureRecognizer id="8ZD-VL-iam">
                    <connections>
                        <action selector="Pinch:" destination="BYZ-38-t0r" id="plQ-m0-Uto"/>
                    </connections>
                </pinchGestureRecognizer>
                <swipeGestureRecognizer direction="right" id="hRC-ss-r2X">
                    <connections>
                        <action selector="Swipe:" destination="BYZ-38-t0r" id="dNp-Tl-4fc"/>
                    </connections>
                </swipeGestureRecognizer>
            </objects>
            <point key="canvasLocation" x="131.8840579710145" y="138.61607142857142"/>
        </scene>
    </scenes>
    <resources>
        <image name="Dota2" width="200" height="200"/>
    </resources>
</document>
