<?xml version = '1.0' encoding = 'UTF-8'?>
<FKIndexAssociation class="oracle.dbtools.crest.model.design.relational.FKIndexAssociation" directorySegmentName="seg_0" id="117F3166-3BFB-9FED-405A-4FFF291A686C" containerWithKeyObject="F5AFD59A-7BC6-3E79-14A6-2194EA544864" localFKIndex="EFB1F315-BF42-E5B4-69AD-95415233CC41" name="tblSales_tblShops_FK">
<createdBy>VVerc</createdBy>
<createdTime>2022-09-25 12:17:00 UTC</createdTime>
<ownerDesignName>lab2</ownerDesignName>
<referredTableLongName>tblShops</referredTableLongName>
<deleteRule>NO ACTION</deleteRule>
<referredTableID>43F8B642-9398-CA84-B849-F7CF81FDC70C</referredTableID>
<keyObject>CF249DF6-B8E1-5825-DE67-2EB53BBFB3FE</keyObject>
<referredKeyID>CF249DF6-B8E1-5825-DE67-2EB53BBFB3FE</referredKeyID>
<mandatory>true</mandatory>
<refColNames>shopID</refColNames>
<transferable>true</transferable>
<rely>false</rely>
<columnDependencyConstraintGenerateInDDL>true</columnDependencyConstraintGenerateInDDL>
</FKIndexAssociation>