<?xml version = '1.0' encoding = 'UTF-8'?>
<FKIndexAssociation class="oracle.dbtools.crest.model.design.relational.FKIndexAssociation" directorySegmentName="seg_0" id="43F7D2FC-D04B-1458-22FE-7815350F0F71" containerWithKeyObject="89282107-C979-038D-E761-4C17413F05DB" localFKIndex="5A612AE7-1803-F75F-B57F-7BF4EEC3B629" name="tblFitnessAccessories_tblCategory_FK">
<createdBy>VVerc</createdBy>
<createdTime>2022-09-25 12:10:25 UTC</createdTime>
<ownerDesignName>lab2</ownerDesignName>
<referredTableLongName>tblCategory</referredTableLongName>
<deleteRule>NO ACTION</deleteRule>
<referredTableID>D762D296-7E79-FAE9-B144-82E52629E8FB</referredTableID>
<keyObject>A6EBBF89-3DAA-4286-39B7-8565F27A999D</keyObject>
<referredKeyID>A6EBBF89-3DAA-4286-39B7-8565F27A999D</referredKeyID>
<mandatory>true</mandatory>
<refColNames>categoryID</refColNames>
<transferable>true</transferable>
<rely>false</rely>
<columnDependencyConstraintGenerateInDDL>true</columnDependencyConstraintGenerateInDDL>
</FKIndexAssociation>