<?xml version = '1.0' encoding = 'UTF-8'?>
<FKIndexAssociation class="oracle.dbtools.crest.model.design.relational.FKIndexAssociation" directorySegmentName="seg_0" id="74924B31-29A5-3032-800D-B97BFD3A19B2" containerWithKeyObject="965B432B-B51A-D0DC-6E41-D39EB692D331" localFKIndex="7D150564-47AF-BCB2-7A53-CB502BCE88A1" name="tblBalls_tblCategory_FK">
<createdBy>VVerc</createdBy>
<createdTime>2022-09-25 12:12:16 UTC</createdTime>
<ownerDesignName>lab2</ownerDesignName>
<referredTableLongName>tblCategory</referredTableLongName>
<deleteRule>NO ACTION</deleteRule>
<referredTableID>D762D296-7E79-FAE9-B144-82E52629E8FB</referredTableID>
<keyObject>A6EBBF89-3DAA-4286-39B7-8565F27A999D</keyObject>
<referredKeyID>A6EBBF89-3DAA-4286-39B7-8565F27A999D</referredKeyID>
<mandatory>true</mandatory>
<refColNames>categoryID</refColNames>
<transferable>true</transferable>
<rely>false</rely>
<columnDependencyConstraintGenerateInDDL>true</columnDependencyConstraintGenerateInDDL>
</FKIndexAssociation>