<?xml version = '1.0' encoding = 'UTF-8'?>
<FKIndexAssociation class="oracle.dbtools.crest.model.design.relational.FKIndexAssociation" directorySegmentName="seg_0" id="87E8229C-DADA-C380-057D-E869FA011A66" containerWithKeyObject="22209350-D215-95BE-1097-42EF7F75E615" localFKIndex="641C0E6B-44D9-0697-A67C-912CB4C7E2D6" name="tblProducts_tblCategory_FK">
<createdBy>VVerc</createdBy>
<createdTime>2022-09-25 10:22:48 UTC</createdTime>
<ownerDesignName>lab2</ownerDesignName>
<referredTableLongName>tblCategory</referredTableLongName>
<deleteRule>NO ACTION</deleteRule>
<referredTableID>D762D296-7E79-FAE9-B144-82E52629E8FB</referredTableID>
<keyObject>A6EBBF89-3DAA-4286-39B7-8565F27A999D</keyObject>
<referredKeyID>A6EBBF89-3DAA-4286-39B7-8565F27A999D</referredKeyID>
<mandatory>true</mandatory>
<refColNames>categoryID</refColNames>
<transferable>true</transferable>
<rely>false</rely>
<columnDependencyConstraintGenerateInDDL>true</columnDependencyConstraintGenerateInDDL>
</FKIndexAssociation>