<?xml version = '1.0' encoding = 'UTF-8'?>
<FKIndexAssociation class="oracle.dbtools.crest.model.design.relational.FKIndexAssociation" directorySegmentName="seg_0" id="8C462880-8A98-04B9-74D6-21DD687183A9" containerWithKeyObject="AB13E0D2-6600-F33D-1FE1-FE93373515F4" localFKIndex="06908899-0435-227B-2A76-DDCB9B7AF9F5" name="tblSportGadgets_tblCategory_FK">
<createdBy>VVerc</createdBy>
<createdTime>2022-09-25 12:07:34 UTC</createdTime>
<ownerDesignName>lab2</ownerDesignName>
<referredTableLongName>tblCategory</referredTableLongName>
<deleteRule>NO ACTION</deleteRule>
<referredTableID>D762D296-7E79-FAE9-B144-82E52629E8FB</referredTableID>
<keyObject>A6EBBF89-3DAA-4286-39B7-8565F27A999D</keyObject>
<referredKeyID>A6EBBF89-3DAA-4286-39B7-8565F27A999D</referredKeyID>
<mandatory>true</mandatory>
<refColNames>categoryID</refColNames>
<transferable>true</transferable>
<rely>false</rely>
<columnDependencyConstraintGenerateInDDL>true</columnDependencyConstraintGenerateInDDL>
</FKIndexAssociation>