<?xml version = '1.0' encoding = 'UTF-8'?>
<FKIndexAssociation class="oracle.dbtools.crest.model.design.relational.FKIndexAssociation" directorySegmentName="seg_0" id="C89971CD-B698-8F71-E38C-D5212AF47CF2" containerWithKeyObject="5BAC7DDD-47AB-4AE6-C5C8-F18011640E7F" localFKIndex="0FAF672D-48B9-B96C-A6BF-3AB614494203" name="tblClothes_tblCategory_FK">
<createdBy>VVerc</createdBy>
<createdTime>2022-09-25 12:00:18 UTC</createdTime>
<ownerDesignName>lab2</ownerDesignName>
<referredTableLongName>tblCategory</referredTableLongName>
<deleteRule>NO ACTION</deleteRule>
<referredTableID>D762D296-7E79-FAE9-B144-82E52629E8FB</referredTableID>
<keyObject>A6EBBF89-3DAA-4286-39B7-8565F27A999D</keyObject>
<referredKeyID>A6EBBF89-3DAA-4286-39B7-8565F27A999D</referredKeyID>
<mandatory>true</mandatory>
<refColNames>categoryID</refColNames>
<transferable>true</transferable>
<rely>false</rely>
<columnDependencyConstraintGenerateInDDL>true</columnDependencyConstraintGenerateInDDL>
</FKIndexAssociation>