<?xml version = '1.0' encoding = 'UTF-8'?>
<FKIndexAssociation class="oracle.dbtools.crest.model.design.relational.FKIndexAssociation" directorySegmentName="seg_0" id="D857106B-9300-6F3E-A81F-73A26312AE41" containerWithKeyObject="F5AFD59A-7BC6-3E79-14A6-2194EA544864" localFKIndex="949CACEB-B661-1C1B-8D88-89246B6617F1" name="tblSales_tblProducts_FK">
<createdBy>VVerc</createdBy>
<createdTime>2022-09-25 12:15:14 UTC</createdTime>
<ownerDesignName>lab2</ownerDesignName>
<referredTableLongName>tblProducts</referredTableLongName>
<deleteRule>NO ACTION</deleteRule>
<referredTableID>22209350-D215-95BE-1097-42EF7F75E615</referredTableID>
<keyObject>F3933C2D-2026-62C5-5F45-5B983B624A71</keyObject>
<referredKeyID>F3933C2D-2026-62C5-5F45-5B983B624A71</referredKeyID>
<mandatory>true</mandatory>
<refColNames>productID</refColNames>
<transferable>true</transferable>
<rely>false</rely>
<columnDependencyConstraintGenerateInDDL>true</columnDependencyConstraintGenerateInDDL>
</FKIndexAssociation>