<?xml version = '1.0' encoding = 'UTF-8'?>
<FKArc class="oracle.dbtools.crest.model.design.relational.FKArc" directorySegmentName="seg_0" id="FC7039B2-34FC-2366-5406-6FD9F09BC192" name="FKArc_1">
<createdBy>VVerc</createdBy>
<createdTime>2022-09-10 13:54:36 UTC</createdTime>
<ownerDesignName>lab1</ownerDesignName>
<mandatory>false</mandatory>
<table>9549A429-DF9D-0D0C-E855-3EA56F2C58F5</table>
<fkeys>
<fkeyID>2D2DA809-D0E9-C03F-702D-497D5C03C2AD</fkeyID>
<fkeyID>2E1AC773-7358-357E-6DFC-F258F32009F6</fkeyID>
</fkeys>
</FKArc>