<?xml version = '1.0' encoding = 'UTF-8'?>
<Relation class="oracle.dbtools.crest.model.design.logical.InheritanceRelation" name="Hierarchy_2" directorySegmentName="seg_0" id="DF1BC7D6-8DC0-50B4-83EE-A8CAC370CD71">
<createdBy>VVerc</createdBy>
<createdTime>2022-09-10 07:26:50 UTC</createdTime>
<ownerDesignName>lab1</ownerDesignName>
<engineerTo>
<item key="9EC62C8F-9927-C823-A37F-CEF7D42F4A60" value="true"/>
</engineerTo>
<identifying>false</identifying>
<nameOnSource>Super Type</nameOnSource>
<nameOnTarget>Sub Type</nameOnTarget>
<optionalSource>true</optionalSource>
<optionalTarget>true</optionalTarget>
<sourceEntity>B658D3C4-7601-2D76-30B4-6B0AD9B6D96B</sourceEntity>
<targetEntity>EEB3D33C-F7F2-0D78-9DE7-E6E849D58B1A</targetEntity>
<transferable>true</transferable>
<deleteRule>NO ACTION</deleteRule>
</Relation>