<?xml version = '1.0' encoding = 'UTF-8'?>
<Relation class="oracle.dbtools.crest.model.design.logical.InheritanceRelation" name="Hierarchy_1" directorySegmentName="seg_0" id="E905F36F-F0E0-30E6-0D50-115DE0C8BE1A">
<createdBy>VVerc</createdBy>
<createdTime>2022-09-10 07:26:17 UTC</createdTime>
<ownerDesignName>lab1</ownerDesignName>
<engineerTo>
<item key="9EC62C8F-9927-C823-A37F-CEF7D42F4A60" value="true"/>
</engineerTo>
<identifying>false</identifying>
<nameOnSource>Super Type</nameOnSource>
<nameOnTarget>Sub Type</nameOnTarget>
<optionalSource>true</optionalSource>
<optionalTarget>true</optionalTarget>
<sourceEntity>B658D3C4-7601-2D76-30B4-6B0AD9B6D96B</sourceEntity>
<targetEntity>03C41D13-9A26-0353-082B-5BF3A6D305AF</targetEntity>
<transferable>true</transferable>
<deleteRule>NO ACTION</deleteRule>
</Relation>