<?xml version = '1.0' encoding = 'UTF-8'?>
<Entity class="oracle.dbtools.crest.model.design.logical.Entity" directorySegmentName="seg_0" id="03C41D13-9A26-0353-082B-5BF3A6D305AF" name="PRIVATE HOME">
<createdBy>VVerc</createdBy>
<createdTime>2022-09-10 07:25:47 UTC</createdTime>
<ownerDesignName>lab1</ownerDesignName>
<engineerTo>
<item key="9EC62C8F-9927-C823-A37F-CEF7D42F4A60" value="true"/>
</engineerTo>
<adequatelyNormalized>NO</adequatelyNormalized>
<expectedVolumes>0</expectedVolumes>
<fwdEngineeringStrategyName>Single Table</fwdEngineeringStrategyName>
<growthPercent>0</growthPercent>
<growthType>Year</growthType>
<hierarchicalParent>B658D3C4-7601-2D76-30B4-6B0AD9B6D96B</hierarchicalParent>
<maxVolumes>9999999</maxVolumes>
<minVolumes>0</minVolumes>
<normalForm>Third</normalForm>
<attributes itemClass="oracle.dbtools.crest.model.design.logical.Attribute">
<Attribute name="accessebility" id="31EE434F-F1B4-89CA-B841-CABF546C7051">
<createdBy>VVerc</createdBy>
<createdTime>2022-09-10 07:32:17 UTC</createdTime>
<ownerDesignName>lab1</ownerDesignName>
<engineerTo>
<item key="9EC62C8F-9927-C823-A37F-CEF7D42F4A60" value="true"/>
</engineerTo>
<nullsAllowed>true</nullsAllowed>
<useDomainConstraints>false</useDomainConstraints>
<use>1</use>
<logicalDatatype>LOGDT006</logicalDatatype>
<dataTypeSize>1</dataTypeSize>
<ownDataTypeParameters>1,,</ownDataTypeParameters>
</Attribute>
</attributes>
</Entity>