<?xml version = '1.0' encoding = 'UTF-8'?>
<Entity class="oracle.dbtools.crest.model.design.logical.Entity" directorySegmentName="seg_0" id="5C6880D9-9C52-13DC-4F14-EE1DCABD6F47" name="TRAINING EVENT">
<createdBy>VVerc</createdBy>
<createdTime>2022-09-10 07:12:32 UTC</createdTime>
<ownerDesignName>lab1</ownerDesignName>
<engineerTo>
<item key="9EC62C8F-9927-C823-A37F-CEF7D42F4A60" value="true"/>
</engineerTo>
<adequatelyNormalized>NO</adequatelyNormalized>
<expectedVolumes>0</expectedVolumes>
<fwdEngineeringStrategyName>Single Table</fwdEngineeringStrategyName>
<growthPercent>0</growthPercent>
<growthType>Year</growthType>
<maxVolumes>9999999</maxVolumes>
<minVolumes>0</minVolumes>
<normalForm>Third</normalForm>
<attributes itemClass="oracle.dbtools.crest.model.design.logical.Attribute">
<Attribute name="id" id="755D2808-3380-F5FD-EB52-5F2011F71FC7">
<createdBy>VVerc</createdBy>
<createdTime>2022-09-10 07:13:13 UTC</createdTime>
<ownerDesignName>lab1</ownerDesignName>
<engineerTo>
<item key="9EC62C8F-9927-C823-A37F-CEF7D42F4A60" value="true"/>
</engineerTo>
<useDomainConstraints>false</useDomainConstraints>
<use>1</use>
<logicalDatatype>LOGDT011</logicalDatatype>
<ownDataTypeParameters>,,</ownDataTypeParameters>
</Attribute>
<Attribute name="date" id="E020257D-AEFD-AA77-A188-B5C07D671B17">
<createdBy>VVerc</createdBy>
<createdTime>2022-09-10 07:13:39 UTC</createdTime>
<ownerDesignName>lab1</ownerDesignName>
<engineerTo>
<item key="9EC62C8F-9927-C823-A37F-CEF7D42F4A60" value="true"/>
</engineerTo>
<useDomainConstraints>false</useDomainConstraints>
<use>1</use>
<logicalDatatype>LOGDT007</logicalDatatype>
<ownDataTypeParameters>,,</ownDataTypeParameters>
</Attribute>
<Attribute name="name" id="154BC082-8874-6433-822E-99355235652C">
<createdBy>VVerc</createdBy>
<createdTime>2022-09-10 07:13:59 UTC</createdTime>
<ownerDesignName>lab1</ownerDesignName>
<engineerTo>
<item key="9EC62C8F-9927-C823-A37F-CEF7D42F4A60" value="true"/>
</engineerTo>
<useDomainConstraints>false</useDomainConstraints>
<use>1</use>
<logicalDatatype>LOGDT024</logicalDatatype>
<ownDataTypeParameters>,,</ownDataTypeParameters>
</Attribute>
<Attribute name="id1" id="E9209A52-2C6E-90E9-2B16-1C98D9B20298">
<createdBy>VVerc</createdBy>
<createdTime>2022-09-10 07:22:30 UTC</createdTime>
<generatorID>1054F590-1A1B-9D06-A972-DF56FC51A70F</generatorID>
<ownerDesignName>lab1</ownerDesignName>
<engineerTo>
<item key="9EC62C8F-9927-C823-A37F-CEF7D42F4A60" value="true"/>
</engineerTo>
<referedAttribute>3BA5AC5B-324C-32CA-9FA2-AEFB87E66A19</referedAttribute>
<useDomainConstraints>false</useDomainConstraints>
<use>1</use>
<logicalDatatype>LOGDT011</logicalDatatype>
<ownDataTypeParameters>,,</ownDataTypeParameters>
</Attribute>
<Attribute name="id2" id="EDD2A7CE-D17C-A3C6-1B61-9533429B9597">
<createdBy>VVerc</createdBy>
<createdTime>2022-09-10 07:23:23 UTC</createdTime>
<generatorID>B2BA3068-A92E-20CD-1802-660329120DFA</generatorID>
<ownerDesignName>lab1</ownerDesignName>
<engineerTo>
<item key="9EC62C8F-9927-C823-A37F-CEF7D42F4A60" value="true"/>
</engineerTo>
<referedAttribute>D4F14F16-A29A-460C-98FE-0EE840B8062A</referedAttribute>
<useDomainConstraints>false</useDomainConstraints>
<use>1</use>
<logicalDatatype>LOGDT011</logicalDatatype>
<ownDataTypeParameters>,,</ownDataTypeParameters>
</Attribute>
</attributes>
<identifiers itemClass="oracle.dbtools.crest.model.design.logical.CandidateKey">
<identifier id="8AA133DA-BA92-9416-E3E0-4191806A96C2" name="TRAINING EVENT PK">
<createdBy>VVerc</createdBy>
<createdTime>2022-09-10 07:13:28 UTC</createdTime>
<ownerDesignName>lab1</ownerDesignName>
<engineerTo>
<item key="9EC62C8F-9927-C823-A37F-CEF7D42F4A60" value="true"/>
</engineerTo>
<pk>true</pk>
<usedAttributes>
<attributeRef>755D2808-3380-F5FD-EB52-5F2011F71FC7</attributeRef>
</usedAttributes>
</identifier>
</identifiers>
</Entity>