<?xml version = '1.0' encoding = 'UTF-8'?>
<Entity class="oracle.dbtools.crest.model.design.logical.Entity" directorySegmentName="seg_0" id="65E75B83-5F34-D889-E9AA-561529B23B08" name="EMPLOYEE">
<createdBy>VVerc</createdBy>
<createdTime>2022-09-10 06:42:00 UTC</createdTime>
<ownerDesignName>lab1</ownerDesignName>
<engineerTo>
<item key="9EC62C8F-9927-C823-A37F-CEF7D42F4A60" value="true"/>
</engineerTo>
<adequatelyNormalized>NO</adequatelyNormalized>
<expectedVolumes>0</expectedVolumes>
<fwdEngineeringStrategyName>Single Table</fwdEngineeringStrategyName>
<growthPercent>0</growthPercent>
<growthType>Year</growthType>
<maxVolumes>9999999</maxVolumes>
<minVolumes>0</minVolumes>
<normalForm>Third</normalForm>
<attributes itemClass="oracle.dbtools.crest.model.design.logical.Attribute">
<Attribute name="ID" id="C89AB9A6-F85C-EF4D-7CF5-5ACE3205249A">
<createdBy>VVerc</createdBy>
<createdTime>2022-09-10 06:55:32 UTC</createdTime>
<ownerDesignName>lab1</ownerDesignName>
<engineerTo>
<item key="9EC62C8F-9927-C823-A37F-CEF7D42F4A60" value="true"/>
</engineerTo>
<useDomainConstraints>false</useDomainConstraints>
<use>1</use>
<logicalDatatype>LOGDT011</logicalDatatype>
<ownDataTypeParameters>,,</ownDataTypeParameters>
</Attribute>
<Attribute name="First Name" id="EFACD6D7-055F-386B-01E1-3B25DBDD10B6">
<createdBy>VVerc</createdBy>
<createdTime>2022-09-10 06:55:58 UTC</createdTime>
<ownerDesignName>lab1</ownerDesignName>
<engineerTo>
<item key="9EC62C8F-9927-C823-A37F-CEF7D42F4A60" value="true"/>
</engineerTo>
<useDomainConstraints>false</useDomainConstraints>
<use>1</use>
<logicalDatatype>LOGDT024</logicalDatatype>
<ownDataTypeParameters>,,</ownDataTypeParameters>
</Attribute>
<Attribute name="Last Name" id="C5C9AB22-3D9C-4010-DF0C-1D2E2349D3BA">
<createdBy>VVerc</createdBy>
<createdTime>2022-09-10 06:57:13 UTC</createdTime>
<ownerDesignName>lab1</ownerDesignName>
<engineerTo>
<item key="9EC62C8F-9927-C823-A37F-CEF7D42F4A60" value="true"/>
</engineerTo>
<useDomainConstraints>false</useDomainConstraints>
<use>1</use>
<logicalDatatype>LOGDT024</logicalDatatype>
<ownDataTypeParameters>,,</ownDataTypeParameters>
</Attribute>
<Attribute name="Hire Date" id="D0E1487D-C5A4-344E-2F63-72E05128E311">
<createdBy>VVerc</createdBy>
<createdTime>2022-09-10 06:57:42 UTC</createdTime>
<ownerDesignName>lab1</ownerDesignName>
<engineerTo>
<item key="9EC62C8F-9927-C823-A37F-CEF7D42F4A60" value="true"/>
</engineerTo>
<useDomainConstraints>false</useDomainConstraints>
<use>1</use>
<logicalDatatype>LOGDT024</logicalDatatype>
<ownDataTypeParameters>,,</ownDataTypeParameters>
</Attribute>
<Attribute name="Salary" id="45DB0F65-874D-0906-1B19-63D70332BE65">
<createdBy>VVerc</createdBy>
<createdTime>2022-09-10 06:59:52 UTC</createdTime>
<ownerDesignName>lab1</ownerDesignName>
<engineerTo>
<item key="9EC62C8F-9927-C823-A37F-CEF7D42F4A60" value="true"/>
</engineerTo>
<useDomainConstraints>false</useDomainConstraints>
<use>1</use>
<logicalDatatype>LOGDT026</logicalDatatype>
<ownDataTypeParameters>,,</ownDataTypeParameters>
</Attribute>
<Attribute name="Commission" id="D239BA05-D418-B705-C0CE-81C9132DA36A">
<createdBy>VVerc</createdBy>
<createdTime>2022-09-10 07:01:10 UTC</createdTime>
<ownerDesignName>lab1</ownerDesignName>
<engineerTo>
<item key="9EC62C8F-9927-C823-A37F-CEF7D42F4A60" value="true"/>
</engineerTo>
<nullsAllowed>true</nullsAllowed>
<useDomainConstraints>false</useDomainConstraints>
<use>1</use>
<logicalDatatype>LOGDT026</logicalDatatype>
<ownDataTypeParameters>,,</ownDataTypeParameters>
</Attribute>
<Attribute name="ID1" id="D501B7E7-1AAC-78B5-A028-27B96DB239EC">
<createdBy>VVerc</createdBy>
<createdTime>2022-09-10 07:02:04 UTC</createdTime>
<generatorID>AEB105A5-A008-FD4E-9924-BB3EB72CE7AB</generatorID>
<ownerDesignName>lab1</ownerDesignName>
<engineerTo>
<item key="9EC62C8F-9927-C823-A37F-CEF7D42F4A60" value="true"/>
</engineerTo>
<referedAttribute>ECC927EE-254C-F4FB-60D2-08B80284FF9B</referedAttribute>
<useDomainConstraints>false</useDomainConstraints>
<use>1</use>
<logicalDatatype>LOGDT011</logicalDatatype>
<ownDataTypeParameters>,,</ownDataTypeParameters>
</Attribute>
<Attribute name="JOB ID" id="97023797-E392-3853-0D41-77C075BA9CF8">
<createdBy>VVerc</createdBy>
<createdTime>2022-09-10 07:04:27 UTC</createdTime>
<generatorID>969C3409-2248-B2B2-FEB7-4AD69E596175</generatorID>
<ownerDesignName>lab1</ownerDesignName>
<engineerTo>
<item key="9EC62C8F-9927-C823-A37F-CEF7D42F4A60" value="true"/>
</engineerTo>
<referedAttribute>DC363C5C-1505-A211-056E-3D846FB9AAC3</referedAttribute>
<useDomainConstraints>false</useDomainConstraints>
<use>1</use>
<logicalDatatype>LOGDT011</logicalDatatype>
<ownDataTypeParameters>,,</ownDataTypeParameters>
</Attribute>
</attributes>
<identifiers itemClass="oracle.dbtools.crest.model.design.logical.CandidateKey">
<identifier id="E20462CF-9EA5-F594-FD8F-1E7411BCAD7E" name="EMPLOYEE PK">
<createdBy>VVerc</createdBy>
<createdTime>2022-09-10 06:55:46 UTC</createdTime>
<ownerDesignName>lab1</ownerDesignName>
<engineerTo>
<item key="9EC62C8F-9927-C823-A37F-CEF7D42F4A60" value="true"/>
</engineerTo>
<pk>true</pk>
<usedAttributes>
<attributeRef>C89AB9A6-F85C-EF4D-7CF5-5ACE3205249A</attributeRef>
</usedAttributes>
</identifier>
</identifiers>
</Entity>