<?xml version = '1.0' encoding = 'UTF-8'?>
<Entity class="oracle.dbtools.crest.model.design.logical.Entity" directorySegmentName="seg_0" id="6FF3064D-CAA4-903B-975C-26F0052BC17D" name="ROOM">
<createdBy>VVerc</createdBy>
<createdTime>2022-09-10 07:34:40 UTC</createdTime>
<ownerDesignName>lab1</ownerDesignName>
<engineerTo>
<item key="9EC62C8F-9927-C823-A37F-CEF7D42F4A60" value="true"/>
</engineerTo>
<adequatelyNormalized>NO</adequatelyNormalized>
<expectedVolumes>0</expectedVolumes>
<fwdEngineeringStrategyName>Single Table</fwdEngineeringStrategyName>
<growthPercent>0</growthPercent>
<growthType>Year</growthType>
<maxVolumes>9999999</maxVolumes>
<minVolumes>0</minVolumes>
<normalForm>Third</normalForm>
<attributes itemClass="oracle.dbtools.crest.model.design.logical.Attribute">
<Attribute name="number" id="855687D9-5BE8-9E78-E976-6436E977A162">
<createdBy>VVerc</createdBy>
<createdTime>2022-09-10 07:45:27 UTC</createdTime>
<ownerDesignName>lab1</ownerDesignName>
<engineerTo>
<item key="9EC62C8F-9927-C823-A37F-CEF7D42F4A60" value="true"/>
</engineerTo>
<useDomainConstraints>false</useDomainConstraints>
<use>1</use>
<logicalDatatype>LOGDT011</logicalDatatype>
<ownDataTypeParameters>,,</ownDataTypeParameters>
</Attribute>
<Attribute name="number1" id="7CE52CC5-70C3-F6ED-AB6E-3306EF97743C">
<createdBy>VVerc</createdBy>
<createdTime>2022-09-10 07:46:55 UTC</createdTime>
<generatorID>F74D0724-161B-EDAD-ACC5-D871DB6C6766</generatorID>
<ownerDesignName>lab1</ownerDesignName>
<engineerTo>
<item key="9EC62C8F-9927-C823-A37F-CEF7D42F4A60" value="true"/>
</engineerTo>
<referedAttribute>DD2BD92A-7E7F-619C-F48F-C14BEC209A10</referedAttribute>
<useDomainConstraints>false</useDomainConstraints>
<use>1</use>
<logicalDatatype>LOGDT011</logicalDatatype>
<ownDataTypeParameters>,,</ownDataTypeParameters>
</Attribute>
<Attribute name="number2" id="C921AFEC-66B9-AC3C-CD27-338B2EDCA15C">
<createdBy>VVerc</createdBy>
<createdTime>2022-09-10 07:49:05 UTC</createdTime>
<generatorID>F74D0724-161B-EDAD-ACC5-D871DB6C6766</generatorID>
<ownerDesignName>lab1</ownerDesignName>
<engineerTo>
<item key="9EC62C8F-9927-C823-A37F-CEF7D42F4A60" value="true"/>
</engineerTo>
<referedAttribute>436F4F7D-71B6-DDFC-FA31-F4F09877FBF9</referedAttribute>
<useDomainConstraints>false</useDomainConstraints>
<use>1</use>
<logicalDatatype>LOGDT011</logicalDatatype>
<ownDataTypeParameters>,,</ownDataTypeParameters>
</Attribute>
</attributes>
<identifiers itemClass="oracle.dbtools.crest.model.design.logical.CandidateKey">
<identifier id="B4170BF0-FD2E-D19E-E380-46A52397661D" name="ROOM PK">
<createdBy>VVerc</createdBy>
<createdTime>2022-09-10 07:45:29 UTC</createdTime>
<ownerDesignName>lab1</ownerDesignName>
<engineerTo>
<item key="9EC62C8F-9927-C823-A37F-CEF7D42F4A60" value="true"/>
</engineerTo>
<pk>true</pk>
<usedAttributes>
<attributeRef>855687D9-5BE8-9E78-E976-6436E977A162</attributeRef>
<attributeRef>7CE52CC5-70C3-F6ED-AB6E-3306EF97743C</attributeRef>
<attributeRef>C921AFEC-66B9-AC3C-CD27-338B2EDCA15C</attributeRef>
</usedAttributes>
</identifier>
</identifiers>
</Entity>