<?xml version = '1.0' encoding = 'UTF-8'?>
<Entity class="oracle.dbtools.crest.model.design.logical.Entity" directorySegmentName="seg_0" id="70E44A0A-3B43-26C4-D4F9-13B79B28B016" name="SUITE">
<createdBy>VVerc</createdBy>
<createdTime>2022-09-10 07:35:03 UTC</createdTime>
<ownerDesignName>lab1</ownerDesignName>
<engineerTo>
<item key="9EC62C8F-9927-C823-A37F-CEF7D42F4A60" value="true"/>
</engineerTo>
<adequatelyNormalized>NO</adequatelyNormalized>
<expectedVolumes>0</expectedVolumes>
<fwdEngineeringStrategyName>Single Table</fwdEngineeringStrategyName>
<growthPercent>0</growthPercent>
<growthType>Year</growthType>
<maxVolumes>9999999</maxVolumes>
<minVolumes>0</minVolumes>
<normalForm>Third</normalForm>
<attributes itemClass="oracle.dbtools.crest.model.design.logical.Attribute">
<Attribute name="number" id="DD2BD92A-7E7F-619C-F48F-C14BEC209A10">
<createdBy>VVerc</createdBy>
<createdTime>2022-09-10 07:45:59 UTC</createdTime>
<ownerDesignName>lab1</ownerDesignName>
<engineerTo>
<item key="9EC62C8F-9927-C823-A37F-CEF7D42F4A60" value="true"/>
</engineerTo>
<useDomainConstraints>false</useDomainConstraints>
<use>1</use>
<logicalDatatype>LOGDT011</logicalDatatype>
<ownDataTypeParameters>,,</ownDataTypeParameters>
</Attribute>
<Attribute name="tenant" id="6BF159FE-DBB3-7619-B85D-1A5EEFCFC2DE">
<createdBy>VVerc</createdBy>
<createdTime>2022-09-10 07:48:05 UTC</createdTime>
<ownerDesignName>lab1</ownerDesignName>
<engineerTo>
<item key="9EC62C8F-9927-C823-A37F-CEF7D42F4A60" value="true"/>
</engineerTo>
<nullsAllowed>true</nullsAllowed>
<useDomainConstraints>false</useDomainConstraints>
<use>1</use>
<logicalDatatype>LOGDT024</logicalDatatype>
<ownDataTypeParameters>,,</ownDataTypeParameters>
</Attribute>
<Attribute name="number1" id="436F4F7D-71B6-DDFC-FA31-F4F09877FBF9">
<createdBy>VVerc</createdBy>
<createdTime>2022-09-10 07:49:05 UTC</createdTime>
<generatorID>A7B1C4DD-BE88-BFE2-97B5-C0710D5648F3</generatorID>
<ownerDesignName>lab1</ownerDesignName>
<engineerTo>
<item key="9EC62C8F-9927-C823-A37F-CEF7D42F4A60" value="true"/>
</engineerTo>
<referedAttribute>FA9F4543-3D38-57F1-41D3-8EED950987A1</referedAttribute>
<useDomainConstraints>false</useDomainConstraints>
<use>1</use>
<logicalDatatype>LOGDT011</logicalDatatype>
<ownDataTypeParameters>,,</ownDataTypeParameters>
</Attribute>
</attributes>
<identifiers itemClass="oracle.dbtools.crest.model.design.logical.CandidateKey">
<identifier id="4E670309-1801-FCD5-FEA5-21E4D5A930A0" name="SUITE PK">
<createdBy>VVerc</createdBy>
<createdTime>2022-09-10 07:46:21 UTC</createdTime>
<ownerDesignName>lab1</ownerDesignName>
<engineerTo>
<item key="9EC62C8F-9927-C823-A37F-CEF7D42F4A60" value="true"/>
</engineerTo>
<pk>true</pk>
<usedAttributes>
<attributeRef>DD2BD92A-7E7F-619C-F48F-C14BEC209A10</attributeRef>
<attributeRef>436F4F7D-71B6-DDFC-FA31-F4F09877FBF9</attributeRef>
</usedAttributes>
</identifier>
</identifiers>
</Entity>