<?xml version = '1.0' encoding = 'UTF-8'?>
<Arc class="oracle.dbtools.crest.model.design.logical.Arc" directorySegmentName="seg_0" id="B7BE5968-EA3F-1708-C941-51B93B50A9BD" name="Arc_1">
<createdBy>VVerc</createdBy>
<createdTime>2022-09-10 07:24:01 UTC</createdTime>
<ownerDesignName>lab1</ownerDesignName>
<engineerTo>
<item key="9EC62C8F-9927-C823-A37F-CEF7D42F4A60" value="true"/>
</engineerTo>
<entity>5C6880D9-9C52-13DC-4F14-EE1DCABD6F47</entity>
<relations>
<relationID>B2BA3068-A92E-20CD-1802-660329120DFA</relationID>
<relationID>1054F590-1A1B-9D06-A972-DF56FC51A70F</relationID>
</relations>
</Arc>