<?xml version = '1.0' encoding = 'UTF-8'?>
<Table class="oracle.dbtools.crest.model.design.relational.Table" directorySegmentName="seg_0" id="166D74B4-0A2D-5EA2-D858-8D4650E71030" name="Student">
<createdBy>VVerc</createdBy>
<createdTime>2022-09-10 11:20:53 UTC</createdTime>
<ownerDesignName>lab1</ownerDesignName>
<ordsAlias>table_3</ordsAlias>
<allowColumnReorder>false</allowColumnReorder>
<existDependencyGenerateInDDl>true</existDependencyGenerateInDDl>
<parsed>true</parsed>
<columns itemClass="oracle.dbtools.crest.model.design.relational.Column">
<Column name="student_id" id="5F273C4E-5F4D-903F-3BAD-98018924F868">
<createdBy>VVerc</createdBy>
<createdTime>2022-09-10 11:22:40 UTC</createdTime>
<ownerDesignName>lab1</ownerDesignName>
<useDomainConstraints>false</useDomainConstraints>
<use>1</use>
<logicalDatatype>LOGDT011</logicalDatatype>
<ownDataTypeParameters>,,</ownDataTypeParameters>
<autoIncrementCycle>false</autoIncrementCycle>
</Column>
</columns>
<indexes itemClass="oracle.dbtools.crest.model.design.relational.Index">
<ind_PK_UK id="37DE8F75-9E3F-E516-4ED2-132B4E87F516" name="Student_PK">
<createdBy>VVerc</createdBy>
<createdTime>2022-09-10 11:22:40 UTC</createdTime>
<ownerDesignName>lab1</ownerDesignName>
<pk>true</pk>
<indexState>Primary Constraint</indexState>
<isSurrogateKey>false</isSurrogateKey>
<indexColumnUsage>
<colUsage columnID="5F273C4E-5F4D-903F-3BAD-98018924F868"/>
</indexColumnUsage>
</ind_PK_UK>
</indexes>
</Table>