<?xml version = '1.0' encoding = 'UTF-8'?>
<Table class="oracle.dbtools.crest.model.design.relational.Table" directorySegmentName="seg_0" id="1A72286A-8FB2-6C4B-3436-3D95979BCEEC" name="Employeev1">
<createdBy>VVerc</createdBy>
<createdTime>2022-09-10 14:47:59 UTC</createdTime>
<ownerDesignName>lab1</ownerDesignName>
<ordsAlias>table_28</ordsAlias>
<allowColumnReorder>false</allowColumnReorder>
<existDependencyGenerateInDDl>true</existDependencyGenerateInDDl>
<parsed>true</parsed>
<columns itemClass="oracle.dbtools.crest.model.design.relational.Column">
<Column name="badge number" id="B09C8A34-E3B3-0FAA-7DBF-213EFC604CA6">
<createdBy>VVerc</createdBy>
<createdTime>2022-09-10 14:50:03 UTC</createdTime>
<ownerDesignName>lab1</ownerDesignName>
<useDomainConstraints>false</useDomainConstraints>
<use>1</use>
<logicalDatatype>LOGDT011</logicalDatatype>
<ownDataTypeParameters>,,</ownDataTypeParameters>
<autoIncrementCycle>false</autoIncrementCycle>
</Column>
<Column name="first name" id="7BA44A0E-E2C7-E2BD-0C70-1CF74325CF7A">
<createdBy>VVerc</createdBy>
<createdTime>2022-09-10 14:50:03 UTC</createdTime>
<ownerDesignName>lab1</ownerDesignName>
<useDomainConstraints>false</useDomainConstraints>
<use>1</use>
<logicalDatatype>LOGDT024</logicalDatatype>
<ownDataTypeParameters>,,</ownDataTypeParameters>
<autoIncrementCycle>false</autoIncrementCycle>
</Column>
<Column name="job" id="7B7ED20D-8E98-5E30-6473-9CB2FB728003">
<createdBy>VVerc</createdBy>
<createdTime>2022-09-10 14:50:03 UTC</createdTime>
<ownerDesignName>lab1</ownerDesignName>
<useDomainConstraints>false</useDomainConstraints>
<use>1</use>
<logicalDatatype>LOGDT024</logicalDatatype>
<ownDataTypeParameters>,,</ownDataTypeParameters>
<autoIncrementCycle>false</autoIncrementCycle>
</Column>
<Column name="salary" id="E8F1B231-EAC0-E084-3D0C-9FB3BD255287">
<createdBy>VVerc</createdBy>
<createdTime>2022-09-10 14:50:03 UTC</createdTime>
<ownerDesignName>lab1</ownerDesignName>
<useDomainConstraints>false</useDomainConstraints>
<use>1</use>
<logicalDatatype>LOGDT026</logicalDatatype>
<ownDataTypeParameters>,,</ownDataTypeParameters>
<autoIncrementCycle>false</autoIncrementCycle>
</Column>
<Column name="budget" id="8477D8D0-B61F-4CC9-F0B9-2B9F9507DF6D">
<createdBy>VVerc</createdBy>
<createdTime>2022-09-10 14:50:26 UTC</createdTime>
<ownerDesignName>lab1</ownerDesignName>
<nullsAllowed>true</nullsAllowed>
<useDomainConstraints>false</useDomainConstraints>
<use>1</use>
<logicalDatatype>LOGDT026</logicalDatatype>
<ownDataTypeParameters>,,</ownDataTypeParameters>
<autoIncrementCycle>false</autoIncrementCycle>
</Column>
<Column name="bonus plan" id="469BC51D-4C2A-52FD-A5F3-13223451AE35">
<createdBy>VVerc</createdBy>
<createdTime>2022-09-10 14:51:00 UTC</createdTime>
<ownerDesignName>lab1</ownerDesignName>
<nullsAllowed>true</nullsAllowed>
<useDomainConstraints>false</useDomainConstraints>
<use>1</use>
<logicalDatatype>LOGDT024</logicalDatatype>
<ownDataTypeParameters>,,</ownDataTypeParameters>
<autoIncrementCycle>false</autoIncrementCycle>
</Column>
<Column name="car plan" id="D5986FD4-FBC6-F637-7E28-16D762F4F4CA">
<createdBy>VVerc</createdBy>
<createdTime>2022-09-10 14:51:00 UTC</createdTime>
<ownerDesignName>lab1</ownerDesignName>
<nullsAllowed>true</nullsAllowed>
<useDomainConstraints>false</useDomainConstraints>
<use>1</use>
<logicalDatatype>LOGDT024</logicalDatatype>
<ownDataTypeParameters>,,</ownDataTypeParameters>
<autoIncrementCycle>false</autoIncrementCycle>
</Column>
<Column name="Employeev1_badge number" id="4B09A32E-BB4B-5EF5-B533-D8CF326ABEBE">
<createdBy>VVerc</createdBy>
<createdTime>2022-09-10 14:51:08 UTC</createdTime>
<ownerDesignName>lab1</ownerDesignName>
<nullsAllowed>true</nullsAllowed>
<useDomainConstraints>false</useDomainConstraints>
<use>1</use>
<logicalDatatype>LOGDT011</logicalDatatype>
<ownDataTypeParameters>,,</ownDataTypeParameters>
<previousColumn>false</previousColumn>
<autoIncrementCycle>false</autoIncrementCycle>
<associations>
<colAssociation fkAssociation="11D44513-8911-1685-D482-7DC2299D49E2" referredColumn="B09C8A34-E3B3-0FAA-7DBF-213EFC604CA6"/>
</associations>
</Column>
</columns>
<indexes itemClass="oracle.dbtools.crest.model.design.relational.Index">
<ind_PK_UK id="5EBC66E8-C204-D1A1-939A-07205F6F39F8" name="Employeev1_PK">
<createdBy>VVerc</createdBy>
<createdTime>2022-09-10 14:50:03 UTC</createdTime>
<ownerDesignName>lab1</ownerDesignName>
<pk>true</pk>
<indexState>Primary Constraint</indexState>
<isSurrogateKey>false</isSurrogateKey>
<indexColumnUsage>
<colUsage columnID="B09C8A34-E3B3-0FAA-7DBF-213EFC604CA6"/>
</indexColumnUsage>
</ind_PK_UK>
<ind_PK_UK id="68C936AD-F8C1-525D-BC59-BF188AB08467" name="Employeev1_Employeev1_FK">
<createdBy>VVerc</createdBy>
<createdTime>2022-09-10 14:51:08 UTC</createdTime>
<ownerDesignName>lab1</ownerDesignName>
<indexState>Foreign Key</indexState>
<isSurrogateKey>false</isSurrogateKey>
<indexColumnUsage>
<colUsage columnID="4B09A32E-BB4B-5EF5-B533-D8CF326ABEBE"/>
</indexColumnUsage>
</ind_PK_UK>
</indexes>
</Table>