<?xml version = '1.0' encoding = 'UTF-8'?>
<Table class="oracle.dbtools.crest.model.design.relational.Table" directorySegmentName="seg_0" id="20A249A8-1FD4-3D85-39EA-48AB51A1ADCC" name="Building">
<createdBy>VVerc</createdBy>
<createdTime>2022-09-10 14:43:48 UTC</createdTime>
<ownerDesignName>lab1</ownerDesignName>
<ordsAlias>table_27</ordsAlias>
<allowColumnReorder>false</allowColumnReorder>
<existDependencyGenerateInDDl>true</existDependencyGenerateInDDl>
<parsed>true</parsed>
<columns itemClass="oracle.dbtools.crest.model.design.relational.Column">
<Column name="id" id="29DBF648-D5B1-878B-601F-277B7724B3A1">
<createdBy>VVerc</createdBy>
<createdTime>2022-09-10 14:47:09 UTC</createdTime>
<ownerDesignName>lab1</ownerDesignName>
<useDomainConstraints>false</useDomainConstraints>
<use>1</use>
<logicalDatatype>LOGDT011</logicalDatatype>
<ownDataTypeParameters>,,</ownDataTypeParameters>
<autoIncrementCycle>false</autoIncrementCycle>
</Column>
<Column name="address" id="58CED083-0D8B-FC6A-E377-C2E1C4493BDB">
<createdBy>VVerc</createdBy>
<createdTime>2022-09-10 14:47:09 UTC</createdTime>
<ownerDesignName>lab1</ownerDesignName>
<useDomainConstraints>false</useDomainConstraints>
<use>1</use>
<logicalDatatype>LOGDT024</logicalDatatype>
<ownDataTypeParameters>,,</ownDataTypeParameters>
<autoIncrementCycle>false</autoIncrementCycle>
</Column>
</columns>
<indexes itemClass="oracle.dbtools.crest.model.design.relational.Index">
<ind_PK_UK id="248AC341-0875-A402-6735-7B19494673EC" name="Building_PK">
<createdBy>VVerc</createdBy>
<createdTime>2022-09-10 14:47:09 UTC</createdTime>
<ownerDesignName>lab1</ownerDesignName>
<pk>true</pk>
<indexState>Primary Constraint</indexState>
<isSurrogateKey>false</isSurrogateKey>
<indexColumnUsage>
<colUsage columnID="29DBF648-D5B1-878B-601F-277B7724B3A1"/>
</indexColumnUsage>
</ind_PK_UK>
</indexes>
</Table>