<?xml version = '1.0' encoding = 'UTF-8'?>
<Table class="oracle.dbtools.crest.model.design.relational.Table" directorySegmentName="seg_0" id="22FA60F4-D2AC-46E0-3477-824D61202CAB" name="Event">
<createdBy>VVerc</createdBy>
<createdTime>2022-09-10 13:55:20 UTC</createdTime>
<ownerDesignName>lab1</ownerDesignName>
<ordsAlias>table_14</ordsAlias>
<allowColumnReorder>false</allowColumnReorder>
<existDependencyGenerateInDDl>true</existDependencyGenerateInDDl>
<parsed>true</parsed>
<columns itemClass="oracle.dbtools.crest.model.design.relational.Column">
<Column name="id" id="6C1B68DB-7AF7-C1F0-7D3A-47EC7140097D">
<createdBy>VVerc</createdBy>
<createdTime>2022-09-10 14:40:09 UTC</createdTime>
<ownerDesignName>lab1</ownerDesignName>
<useDomainConstraints>false</useDomainConstraints>
<use>1</use>
<logicalDatatype>LOGDT011</logicalDatatype>
<ownDataTypeParameters>,,</ownDataTypeParameters>
<autoIncrementCycle>false</autoIncrementCycle>
</Column>
<Column name="cost" id="B8E03ADB-8388-111D-3441-F7908BA50DC5">
<createdBy>VVerc</createdBy>
<createdTime>2022-09-10 14:40:09 UTC</createdTime>
<ownerDesignName>lab1</ownerDesignName>
<useDomainConstraints>false</useDomainConstraints>
<use>1</use>
<logicalDatatype>LOGDT026</logicalDatatype>
<ownDataTypeParameters>,,</ownDataTypeParameters>
<autoIncrementCycle>false</autoIncrementCycle>
</Column>
<Column name="name" id="DBD902EA-7D60-58D0-5300-08C9ED845463">
<createdBy>VVerc</createdBy>
<createdTime>2022-09-10 14:40:09 UTC</createdTime>
<ownerDesignName>lab1</ownerDesignName>
<useDomainConstraints>false</useDomainConstraints>
<use>1</use>
<logicalDatatype>LOGDT024</logicalDatatype>
<ownDataTypeParameters>,,</ownDataTypeParameters>
<autoIncrementCycle>false</autoIncrementCycle>
</Column>
<Column name="date" id="04DC033C-8191-B609-3909-984AE0B3ECAB">
<createdBy>VVerc</createdBy>
<createdTime>2022-09-10 14:40:09 UTC</createdTime>
<ownerDesignName>lab1</ownerDesignName>
<useDomainConstraints>false</useDomainConstraints>
<use>1</use>
<logicalDatatype>LOGDT007</logicalDatatype>
<ownDataTypeParameters>,,</ownDataTypeParameters>
<autoIncrementCycle>false</autoIncrementCycle>
</Column>
<Column name="description" id="295C707F-B0C8-26B3-5B20-50E28A1C0D58">
<createdBy>VVerc</createdBy>
<createdTime>2022-09-10 14:40:09 UTC</createdTime>
<ownerDesignName>lab1</ownerDesignName>
<nullsAllowed>true</nullsAllowed>
<useDomainConstraints>false</useDomainConstraints>
<use>1</use>
<logicalDatatype>LOGDT024</logicalDatatype>
<ownDataTypeParameters>,,</ownDataTypeParameters>
<autoIncrementCycle>false</autoIncrementCycle>
</Column>
<Column name="Venue_id" id="1FC55C08-4C3B-BE49-9B06-EA440B8A8AE8">
<createdBy>VVerc</createdBy>
<createdTime>2022-09-10 14:40:31 UTC</createdTime>
<ownerDesignName>lab1</ownerDesignName>
<useDomainConstraints>false</useDomainConstraints>
<use>1</use>
<logicalDatatype>LOGDT011</logicalDatatype>
<ownDataTypeParameters>,,</ownDataTypeParameters>
<previousColumn>false</previousColumn>
<autoIncrementCycle>false</autoIncrementCycle>
<associations>
<colAssociation fkAssociation="5C54AD44-5724-E877-EE8C-18E9FA514DBD" referredColumn="5BCC48C0-D74E-EBA7-EDB8-63C7F05965A3"/>
</associations>
</Column>
</columns>
<indexes itemClass="oracle.dbtools.crest.model.design.relational.Index">
<ind_PK_UK id="B2985037-2307-FE97-FA62-6FBF8B75D637" name="Event_PK">
<createdBy>VVerc</createdBy>
<createdTime>2022-09-10 14:40:09 UTC</createdTime>
<ownerDesignName>lab1</ownerDesignName>
<pk>true</pk>
<indexState>Primary Constraint</indexState>
<isSurrogateKey>false</isSurrogateKey>
<indexColumnUsage>
<colUsage columnID="6C1B68DB-7AF7-C1F0-7D3A-47EC7140097D"/>
</indexColumnUsage>
</ind_PK_UK>
<ind_PK_UK id="FB0B6B52-60E1-EC61-C9DF-04ECC1CAAD35" name="Event_Venue_FK">
<createdBy>VVerc</createdBy>
<createdTime>2022-09-10 14:40:31 UTC</createdTime>
<ownerDesignName>lab1</ownerDesignName>
<indexState>Foreign Key</indexState>
<isSurrogateKey>false</isSurrogateKey>
<indexColumnUsage>
<colUsage columnID="1FC55C08-4C3B-BE49-9B06-EA440B8A8AE8"/>
</indexColumnUsage>
</ind_PK_UK>
</indexes>
</Table>