<?xml version = '1.0' encoding = 'UTF-8'?>
<Table class="oracle.dbtools.crest.model.design.relational.Table" directorySegmentName="seg_0" id="30E97A9F-EE3A-5E90-4F86-B0860C9DCEAC" name="Public space">
<createdBy>VVerc</createdBy>
<createdTime>2022-09-10 14:37:13 UTC</createdTime>
<ownerDesignName>lab1</ownerDesignName>
<ordsAlias>table_23</ordsAlias>
<allowColumnReorder>false</allowColumnReorder>
<existDependencyGenerateInDDl>true</existDependencyGenerateInDDl>
<parsed>true</parsed>
<columns itemClass="oracle.dbtools.crest.model.design.relational.Column">
<Column name="rental fee" id="A45A800C-5EB7-E216-DA0D-3EEAA5C0DBFF">
<createdBy>VVerc</createdBy>
<createdTime>2022-09-10 14:38:38 UTC</createdTime>
<ownerDesignName>lab1</ownerDesignName>
<useDomainConstraints>false</useDomainConstraints>
<use>1</use>
<logicalDatatype>LOGDT026</logicalDatatype>
<ownDataTypeParameters>,,</ownDataTypeParameters>
<autoIncrementCycle>false</autoIncrementCycle>
</Column>
<Column name="Venue_id" id="DC048499-A618-ADEC-FFB7-1BF45B2D8AE5">
<createdBy>VVerc</createdBy>
<createdTime>2022-09-10 14:41:58 UTC</createdTime>
<ownerDesignName>lab1</ownerDesignName>
<useDomainConstraints>false</useDomainConstraints>
<use>1</use>
<logicalDatatype>LOGDT011</logicalDatatype>
<ownDataTypeParameters>,,</ownDataTypeParameters>
<previousColumn>false</previousColumn>
<autoIncrementCycle>false</autoIncrementCycle>
<associations>
<colAssociation fkAssociation="C494226F-6F5C-E029-6DBC-37E7EE6ABE76" referredColumn="5BCC48C0-D74E-EBA7-EDB8-63C7F05965A3"/>
</associations>
</Column>
</columns>
<indexes itemClass="oracle.dbtools.crest.model.design.relational.Index">
<ind_PK_UK id="AE1AC942-249F-413A-699B-875CCFAB0D81" name="Public space_Venue_FK">
<createdBy>VVerc</createdBy>
<createdTime>2022-09-10 14:41:58 UTC</createdTime>
<ownerDesignName>lab1</ownerDesignName>
<indexState>Foreign Key</indexState>
<isSurrogateKey>false</isSurrogateKey>
<indexColumnUsage>
<colUsage columnID="DC048499-A618-ADEC-FFB7-1BF45B2D8AE5"/>
</indexColumnUsage>
</ind_PK_UK>
</indexes>
</Table>