<?xml version = '1.0' encoding = 'UTF-8'?>
<Table class="oracle.dbtools.crest.model.design.relational.Table" directorySegmentName="seg_0" id="35C2F3E6-4325-FE08-B144-6E90E21C83E0" name="Training company">
<createdBy>VVerc</createdBy>
<createdTime>2022-09-10 13:36:51 UTC</createdTime>
<ownerDesignName>lab1</ownerDesignName>
<ordsAlias>table_13</ordsAlias>
<allowColumnReorder>false</allowColumnReorder>
<existDependencyGenerateInDDl>true</existDependencyGenerateInDDl>
<parsed>true</parsed>
<columns itemClass="oracle.dbtools.crest.model.design.relational.Column">
<Column name="id" id="A57F2CC4-1D22-A1BD-BC72-3EFF2D5FC057">
<createdBy>VVerc</createdBy>
<createdTime>2022-09-10 13:43:14 UTC</createdTime>
<ownerDesignName>lab1</ownerDesignName>
<useDomainConstraints>false</useDomainConstraints>
<use>1</use>
<logicalDatatype>LOGDT011</logicalDatatype>
<ownDataTypeParameters>,,</ownDataTypeParameters>
<autoIncrementCycle>false</autoIncrementCycle>
</Column>
<Column name="Name" id="B2CEABFE-136A-4480-6B17-1B32024EF2F5">
<createdBy>VVerc</createdBy>
<createdTime>2022-09-10 13:43:14 UTC</createdTime>
<ownerDesignName>lab1</ownerDesignName>
<useDomainConstraints>false</useDomainConstraints>
<use>1</use>
<logicalDatatype>LOGDT024</logicalDatatype>
<ownDataTypeParameters>,,</ownDataTypeParameters>
<autoIncrementCycle>false</autoIncrementCycle>
</Column>
<Column name="address" id="98885ED3-1C53-ED7F-AB25-FDFA0CB09017">
<createdBy>VVerc</createdBy>
<createdTime>2022-09-10 13:43:14 UTC</createdTime>
<ownerDesignName>lab1</ownerDesignName>
<useDomainConstraints>false</useDomainConstraints>
<use>1</use>
<logicalDatatype>LOGDT041</logicalDatatype>
<ownDataTypeParameters>,,</ownDataTypeParameters>
<autoIncrementCycle>false</autoIncrementCycle>
</Column>
<Column name="speciality" id="EC010C75-839C-525C-92D5-E15FD6953920">
<createdBy>VVerc</createdBy>
<createdTime>2022-09-10 13:43:14 UTC</createdTime>
<ownerDesignName>lab1</ownerDesignName>
<useDomainConstraints>false</useDomainConstraints>
<use>1</use>
<logicalDatatype>LOGDT024</logicalDatatype>
<ownDataTypeParameters>,,</ownDataTypeParameters>
<autoIncrementCycle>false</autoIncrementCycle>
</Column>
<Column name="contact name" id="168CB100-945A-6FBF-C7A8-259DFEAAE25D">
<createdBy>VVerc</createdBy>
<createdTime>2022-09-10 13:43:14 UTC</createdTime>
<ownerDesignName>lab1</ownerDesignName>
<useDomainConstraints>false</useDomainConstraints>
<use>1</use>
<logicalDatatype>LOGDT024</logicalDatatype>
<ownDataTypeParameters>,,</ownDataTypeParameters>
<autoIncrementCycle>false</autoIncrementCycle>
</Column>
</columns>
<indexes itemClass="oracle.dbtools.crest.model.design.relational.Index">
<ind_PK_UK id="BF1CE8A7-F494-71D6-227E-6D7467B18AFD" name="Training company_PK">
<createdBy>VVerc</createdBy>
<createdTime>2022-09-10 13:43:14 UTC</createdTime>
<ownerDesignName>lab1</ownerDesignName>
<pk>true</pk>
<indexState>Primary Constraint</indexState>
<isSurrogateKey>false</isSurrogateKey>
<indexColumnUsage>
<colUsage columnID="A57F2CC4-1D22-A1BD-BC72-3EFF2D5FC057"/>
</indexColumnUsage>
</ind_PK_UK>
</indexes>
</Table>