<?xml version = '1.0' encoding = 'UTF-8'?>
<Table class="oracle.dbtools.crest.model.design.relational.Table" directorySegmentName="seg_0" id="49348CB4-FCCA-B52A-593B-CBDCF70201CD" name="Receipt">
<createdBy>VVerc</createdBy>
<createdTime>2022-09-10 13:22:43 UTC</createdTime>
<ownerDesignName>lab1</ownerDesignName>
<ordsAlias>table_9</ordsAlias>
<allowColumnReorder>false</allowColumnReorder>
<existDependencyGenerateInDDl>true</existDependencyGenerateInDDl>
<parsed>true</parsed>
<columns itemClass="oracle.dbtools.crest.model.design.relational.Column">
<Column name="id" id="49C95539-F13A-E676-3637-847F61CFB25E">
<createdBy>VVerc</createdBy>
<createdTime>2022-09-10 13:25:34 UTC</createdTime>
<ownerDesignName>lab1</ownerDesignName>
<useDomainConstraints>false</useDomainConstraints>
<use>1</use>
<logicalDatatype>LOGDT011</logicalDatatype>
<ownDataTypeParameters>,,</ownDataTypeParameters>
<autoIncrementCycle>false</autoIncrementCycle>
</Column>
<Column name="Studentv2_id" id="E18C80FD-9A35-5857-E644-CFC471C21C4F">
<createdBy>VVerc</createdBy>
<createdTime>2022-09-10 13:33:14 UTC</createdTime>
<ownerDesignName>lab1</ownerDesignName>
<useDomainConstraints>false</useDomainConstraints>
<use>1</use>
<ownDataTypeParameters>,,</ownDataTypeParameters>
<previousColumn>false</previousColumn>
<autoIncrementCycle>false</autoIncrementCycle>
<associations>
<colAssociation fkAssociation="D234D3C1-25F5-8891-83CF-39F9C3802599" referredColumn="9F3A9DBC-6677-7D1C-485A-745698BD1F0B"/>
</associations>
</Column>
</columns>
<indexes itemClass="oracle.dbtools.crest.model.design.relational.Index">
<ind_PK_UK id="95E8A9A9-94B4-198C-11EA-6E3A3C847CB8" name="Receipt_PK">
<createdBy>VVerc</createdBy>
<createdTime>2022-09-10 13:25:34 UTC</createdTime>
<ownerDesignName>lab1</ownerDesignName>
<pk>true</pk>
<indexState>Primary Constraint</indexState>
<isSurrogateKey>false</isSurrogateKey>
<indexColumnUsage>
<colUsage columnID="49C95539-F13A-E676-3637-847F61CFB25E"/>
</indexColumnUsage>
</ind_PK_UK>
<ind_PK_UK id="FCF31BF3-AFB2-3BC8-4A1B-E1D2307619DB" name="Receipt_Studentv2_FK">
<createdBy>VVerc</createdBy>
<createdTime>2022-09-10 13:33:14 UTC</createdTime>
<ownerDesignName>lab1</ownerDesignName>
<indexState>Foreign Key</indexState>
<isSurrogateKey>false</isSurrogateKey>
<indexColumnUsage>
<colUsage columnID="E18C80FD-9A35-5857-E644-CFC471C21C4F"/>
</indexColumnUsage>
</ind_PK_UK>
</indexes>
</Table>