<?xml version = '1.0' encoding = 'UTF-8'?>
<Table class="oracle.dbtools.crest.model.design.relational.Table" directorySegmentName="seg_0" id="56C7F98F-1AA4-B72F-6F00-401EBAF9D44A" name="Studentv2">
<createdBy>VVerc</createdBy>
<createdTime>2022-09-10 13:25:47 UTC</createdTime>
<ownerDesignName>lab1</ownerDesignName>
<ordsAlias>table_10</ordsAlias>
<allowColumnReorder>false</allowColumnReorder>
<existDependencyGenerateInDDl>true</existDependencyGenerateInDDl>
<parsed>true</parsed>
<columns itemClass="oracle.dbtools.crest.model.design.relational.Column">
<Column name="id" id="9F3A9DBC-6677-7D1C-485A-745698BD1F0B">
<createdBy>VVerc</createdBy>
<createdTime>2022-09-10 13:27:34 UTC</createdTime>
<ownerDesignName>lab1</ownerDesignName>
<useDomainConstraints>false</useDomainConstraints>
<use>1</use>
<ownDataTypeParameters>,,</ownDataTypeParameters>
<autoIncrementCycle>false</autoIncrementCycle>
</Column>
</columns>
<indexes itemClass="oracle.dbtools.crest.model.design.relational.Index">
<ind_PK_UK id="BB7554AC-4F34-E75E-9E7A-806796002129" name="Student_PKv1">
<createdBy>VVerc</createdBy>
<createdTime>2022-09-10 13:27:34 UTC</createdTime>
<ownerDesignName>lab1</ownerDesignName>
<pk>true</pk>
<indexState>Primary Constraint</indexState>
<isSurrogateKey>false</isSurrogateKey>
<indexColumnUsage>
<colUsage columnID="9F3A9DBC-6677-7D1C-485A-745698BD1F0B"/>
</indexColumnUsage>
</ind_PK_UK>
</indexes>
</Table>