<?xml version = '1.0' encoding = 'UTF-8'?>
<Table class="oracle.dbtools.crest.model.design.relational.Table" directorySegmentName="seg_0" id="79D33FB9-1D21-9F46-B481-AAA787EE9051" name="Floor">
<createdBy>VVerc</createdBy>
<createdTime>2022-09-10 14:43:43 UTC</createdTime>
<ownerDesignName>lab1</ownerDesignName>
<ordsAlias>table_26</ordsAlias>
<allowColumnReorder>false</allowColumnReorder>
<existDependencyGenerateInDDl>true</existDependencyGenerateInDDl>
<parsed>true</parsed>
<columns itemClass="oracle.dbtools.crest.model.design.relational.Column">
<Column name="number" id="DA0D1352-C635-C61E-9A13-FB2D7E04E683">
<createdBy>VVerc</createdBy>
<createdTime>2022-09-10 14:45:58 UTC</createdTime>
<ownerDesignName>lab1</ownerDesignName>
<useDomainConstraints>false</useDomainConstraints>
<use>1</use>
<logicalDatatype>LOGDT011</logicalDatatype>
<ownDataTypeParameters>,,</ownDataTypeParameters>
<autoIncrementCycle>false</autoIncrementCycle>
</Column>
<Column name="Building_id" id="52F3C5D1-F222-EBE0-09D4-2FF7574B7432">
<createdBy>VVerc</createdBy>
<createdTime>2022-09-10 14:47:34 UTC</createdTime>
<ownerDesignName>lab1</ownerDesignName>
<useDomainConstraints>false</useDomainConstraints>
<use>1</use>
<logicalDatatype>LOGDT011</logicalDatatype>
<ownDataTypeParameters>,,</ownDataTypeParameters>
<previousColumn>false</previousColumn>
<autoIncrementCycle>false</autoIncrementCycle>
<associations>
<colAssociation fkAssociation="D25E1566-ADB3-024F-50DC-706ACF464025" referredColumn="29DBF648-D5B1-878B-601F-277B7724B3A1"/>
</associations>
</Column>
</columns>
<indexes itemClass="oracle.dbtools.crest.model.design.relational.Index">
<ind_PK_UK id="883CE70F-86D8-0660-7FD8-7779FFF467A9" name="Floor_PK">
<createdBy>VVerc</createdBy>
<createdTime>2022-09-10 14:45:58 UTC</createdTime>
<ownerDesignName>lab1</ownerDesignName>
<pk>true</pk>
<indexState>Primary Constraint</indexState>
<isSurrogateKey>false</isSurrogateKey>
<indexColumnUsage>
<colUsage columnID="DA0D1352-C635-C61E-9A13-FB2D7E04E683"/>
</indexColumnUsage>
</ind_PK_UK>
<ind_PK_UK id="854F36ED-90B3-E4A9-6CF3-DA83A570C1C2" name="Floor_Building_FK">
<createdBy>VVerc</createdBy>
<createdTime>2022-09-10 14:47:34 UTC</createdTime>
<ownerDesignName>lab1</ownerDesignName>
<indexState>Foreign Key</indexState>
<isSurrogateKey>false</isSurrogateKey>
<indexColumnUsage>
<colUsage columnID="52F3C5D1-F222-EBE0-09D4-2FF7574B7432"/>
</indexColumnUsage>
</ind_PK_UK>
</indexes>
</Table>