<?xml version = '1.0' encoding = 'UTF-8'?>
<Table class="oracle.dbtools.crest.model.design.relational.Table" directorySegmentName="seg_0" id="7F831FE5-85B6-6692-128B-78BA4B60F7C9" name="JOB">
<createdBy>VVerc</createdBy>
<createdTime>2022-09-10 11:40:22 UTC</createdTime>
<ownerDesignName>lab1</ownerDesignName>
<ordsAlias>table_8</ordsAlias>
<allowColumnReorder>false</allowColumnReorder>
<existDependencyGenerateInDDl>true</existDependencyGenerateInDDl>
<parsed>true</parsed>
<columns itemClass="oracle.dbtools.crest.model.design.relational.Column">
<Column name="id" id="D46DC789-97B9-619F-F2C7-52FAB9DB2C8B">
<createdBy>VVerc</createdBy>
<createdTime>2022-09-10 11:40:50 UTC</createdTime>
<ownerDesignName>lab1</ownerDesignName>
<useDomainConstraints>false</useDomainConstraints>
<use>1</use>
<logicalDatatype>LOGDT011</logicalDatatype>
<ownDataTypeParameters>,,</ownDataTypeParameters>
<autoIncrementCycle>false</autoIncrementCycle>
</Column>
<Column name="title" id="5CB15DE4-FBEB-071F-8C5C-FDA46DE5F747">
<createdBy>VVerc</createdBy>
<createdTime>2022-09-10 13:20:00 UTC</createdTime>
<ownerDesignName>lab1</ownerDesignName>
<useDomainConstraints>false</useDomainConstraints>
<use>1</use>
<logicalDatatype>LOGDT024</logicalDatatype>
<ownDataTypeParameters>,,</ownDataTypeParameters>
<autoIncrementCycle>false</autoIncrementCycle>
</Column>
<Column name="Max Salary" id="FB41FC33-2437-8E23-AC87-0A577587D49A">
<createdBy>VVerc</createdBy>
<createdTime>2022-09-10 13:20:00 UTC</createdTime>
<ownerDesignName>lab1</ownerDesignName>
<useDomainConstraints>false</useDomainConstraints>
<use>1</use>
<logicalDatatype>LOGDT026</logicalDatatype>
<ownDataTypeParameters>,,</ownDataTypeParameters>
<autoIncrementCycle>false</autoIncrementCycle>
</Column>
<Column name="Min Salary" id="4B1A814B-879C-DCDD-7A02-59F87044D944">
<createdBy>VVerc</createdBy>
<createdTime>2022-09-10 13:20:00 UTC</createdTime>
<ownerDesignName>lab1</ownerDesignName>
<nullsAllowed>true</nullsAllowed>
<useDomainConstraints>false</useDomainConstraints>
<use>1</use>
<logicalDatatype>LOGDT026</logicalDatatype>
<ownDataTypeParameters>,,</ownDataTypeParameters>
<autoIncrementCycle>false</autoIncrementCycle>
</Column>
</columns>
<indexes itemClass="oracle.dbtools.crest.model.design.relational.Index">
<ind_PK_UK id="1291F7C5-C5C2-9360-6106-A1E650B627FA" name="JOB_PK">
<createdBy>VVerc</createdBy>
<createdTime>2022-09-10 11:40:50 UTC</createdTime>
<ownerDesignName>lab1</ownerDesignName>
<pk>true</pk>
<indexState>Primary Constraint</indexState>
<isSurrogateKey>false</isSurrogateKey>
<indexColumnUsage>
<colUsage columnID="D46DC789-97B9-619F-F2C7-52FAB9DB2C8B"/>
</indexColumnUsage>
</ind_PK_UK>
</indexes>
</Table>