<?xml version = '1.0' encoding = 'UTF-8'?>
<Table class="oracle.dbtools.crest.model.design.relational.Table" directorySegmentName="seg_0" id="8AAD36CC-1DF6-35A5-018B-09472A660B4B" name="In house trainer">
<createdBy>VVerc</createdBy>
<createdTime>2022-09-10 13:34:28 UTC</createdTime>
<ownerDesignName>lab1</ownerDesignName>
<ordsAlias>table_12</ordsAlias>
<allowColumnReorder>false</allowColumnReorder>
<existDependencyGenerateInDDl>true</existDependencyGenerateInDDl>
<parsed>true</parsed>
<columns itemClass="oracle.dbtools.crest.model.design.relational.Column">
<Column name="id" id="3A99806F-74CE-743F-26E6-F97FBAD8438F">
<createdBy>VVerc</createdBy>
<createdTime>2022-09-10 13:38:50 UTC</createdTime>
<ownerDesignName>lab1</ownerDesignName>
<useDomainConstraints>false</useDomainConstraints>
<use>1</use>
<logicalDatatype>LOGDT011</logicalDatatype>
<ownDataTypeParameters>,,</ownDataTypeParameters>
<autoIncrementCycle>false</autoIncrementCycle>
</Column>
<Column name="First name" id="7492364A-8E49-7FC0-F911-C171A63B326E">
<createdBy>VVerc</createdBy>
<createdTime>2022-09-10 13:41:01 UTC</createdTime>
<ownerDesignName>lab1</ownerDesignName>
<useDomainConstraints>false</useDomainConstraints>
<use>1</use>
<logicalDatatype>LOGDT024</logicalDatatype>
<ownDataTypeParameters>,,</ownDataTypeParameters>
<autoIncrementCycle>false</autoIncrementCycle>
</Column>
<Column name="Last name" id="7B036E59-DACF-128E-29D0-84F5C79EC7E1">
<createdBy>VVerc</createdBy>
<createdTime>2022-09-10 13:41:01 UTC</createdTime>
<ownerDesignName>lab1</ownerDesignName>
<useDomainConstraints>false</useDomainConstraints>
<use>1</use>
<logicalDatatype>LOGDT024</logicalDatatype>
<ownDataTypeParameters>,,</ownDataTypeParameters>
<autoIncrementCycle>false</autoIncrementCycle>
</Column>
</columns>
<indexes itemClass="oracle.dbtools.crest.model.design.relational.Index">
<ind_PK_UK id="F8167713-41D2-4DB8-7AE9-1EC7B1A4CDDF" name="In house trainer_PK">
<createdBy>VVerc</createdBy>
<createdTime>2022-09-10 13:38:50 UTC</createdTime>
<ownerDesignName>lab1</ownerDesignName>
<pk>true</pk>
<indexState>Primary Constraint</indexState>
<isSurrogateKey>false</isSurrogateKey>
<indexColumnUsage>
<colUsage columnID="3A99806F-74CE-743F-26E6-F97FBAD8438F"/>
</indexColumnUsage>
</ind_PK_UK>
</indexes>
</Table>