<?xml version = '1.0' encoding = 'UTF-8'?>
<Table class="oracle.dbtools.crest.model.design.relational.Table" directorySegmentName="seg_0" id="9549A429-DF9D-0D0C-E855-3EA56F2C58F5" name="Training Event">
<createdBy>VVerc</createdBy>
<createdTime>2022-09-10 13:34:05 UTC</createdTime>
<ownerDesignName>lab1</ownerDesignName>
<ordsAlias>table_11</ordsAlias>
<allowColumnReorder>false</allowColumnReorder>
<existDependencyGenerateInDDl>true</existDependencyGenerateInDDl>
<parsed>true</parsed>
<columns itemClass="oracle.dbtools.crest.model.design.relational.Column">
<Column name="id" id="A24083D5-A5BC-39E2-CC66-AD77FBC23DEB">
<createdBy>VVerc</createdBy>
<createdTime>2022-09-10 13:38:04 UTC</createdTime>
<ownerDesignName>lab1</ownerDesignName>
<useDomainConstraints>false</useDomainConstraints>
<use>1</use>
<logicalDatatype>LOGDT011</logicalDatatype>
<ownDataTypeParameters>,,</ownDataTypeParameters>
<autoIncrementCycle>false</autoIncrementCycle>
</Column>
<Column name="date" id="F8848C91-5156-7757-011C-98C2030EE725">
<createdBy>VVerc</createdBy>
<createdTime>2022-09-10 13:38:27 UTC</createdTime>
<ownerDesignName>lab1</ownerDesignName>
<useDomainConstraints>false</useDomainConstraints>
<use>1</use>
<logicalDatatype>LOGDT007</logicalDatatype>
<ownDataTypeParameters>,,</ownDataTypeParameters>
<autoIncrementCycle>false</autoIncrementCycle>
</Column>
<Column name="name" id="73AB68F7-F35E-4DB6-DD5A-744AD8831FD5">
<createdBy>VVerc</createdBy>
<createdTime>2022-09-10 13:38:27 UTC</createdTime>
<ownerDesignName>lab1</ownerDesignName>
<useDomainConstraints>false</useDomainConstraints>
<use>1</use>
<logicalDatatype>LOGDT024</logicalDatatype>
<ownDataTypeParameters>,,</ownDataTypeParameters>
<autoIncrementCycle>false</autoIncrementCycle>
</Column>
<Column name="Training company_id" id="EC0946C6-176F-58DC-DA60-3BDBD6820015">
<createdBy>VVerc</createdBy>
<createdTime>2022-09-10 13:44:01 UTC</createdTime>
<ownerDesignName>lab1</ownerDesignName>
<nullsAllowed>true</nullsAllowed>
<useDomainConstraints>false</useDomainConstraints>
<use>1</use>
<logicalDatatype>LOGDT011</logicalDatatype>
<ownDataTypeParameters>,,</ownDataTypeParameters>
<previousColumn>false</previousColumn>
<autoIncrementCycle>false</autoIncrementCycle>
<associations>
<colAssociation fkAssociation="2D2DA809-D0E9-C03F-702D-497D5C03C2AD" referredColumn="A57F2CC4-1D22-A1BD-BC72-3EFF2D5FC057"/>
</associations>
</Column>
<Column name="In house trainer_id" id="24E88ADA-3850-81FC-2BA5-05B2871B5105">
<createdBy>VVerc</createdBy>
<createdTime>2022-09-10 13:44:13 UTC</createdTime>
<ownerDesignName>lab1</ownerDesignName>
<nullsAllowed>true</nullsAllowed>
<useDomainConstraints>false</useDomainConstraints>
<use>1</use>
<logicalDatatype>LOGDT011</logicalDatatype>
<ownDataTypeParameters>,,</ownDataTypeParameters>
<previousColumn>false</previousColumn>
<autoIncrementCycle>false</autoIncrementCycle>
<associations>
<colAssociation fkAssociation="2E1AC773-7358-357E-6DFC-F258F32009F6" referredColumn="3A99806F-74CE-743F-26E6-F97FBAD8438F"/>
</associations>
</Column>
</columns>
<indexes itemClass="oracle.dbtools.crest.model.design.relational.Index">
<ind_PK_UK id="E9B75271-9B7E-DFC8-1C53-7E6EF468AA00" name="Training Event_PK">
<createdBy>VVerc</createdBy>
<createdTime>2022-09-10 13:38:04 UTC</createdTime>
<ownerDesignName>lab1</ownerDesignName>
<pk>true</pk>
<indexState>Primary Constraint</indexState>
<isSurrogateKey>false</isSurrogateKey>
<indexColumnUsage>
<colUsage columnID="A24083D5-A5BC-39E2-CC66-AD77FBC23DEB"/>
</indexColumnUsage>
</ind_PK_UK>
<ind_PK_UK id="23BF1FF1-3AEA-C6D3-1ADA-132454F2BBFC" name="Training Event_Training company_FK">
<createdBy>VVerc</createdBy>
<createdTime>2022-09-10 13:44:01 UTC</createdTime>
<ownerDesignName>lab1</ownerDesignName>
<indexState>Foreign Key</indexState>
<isSurrogateKey>false</isSurrogateKey>
<indexColumnUsage>
<colUsage columnID="EC0946C6-176F-58DC-DA60-3BDBD6820015"/>
</indexColumnUsage>
</ind_PK_UK>
<ind_PK_UK id="477E75E3-ACB9-E8AB-FD1A-6A9B3097F9F2" name="Training Event_In house trainer_FK">
<createdBy>VVerc</createdBy>
<createdTime>2022-09-10 13:44:13 UTC</createdTime>
<ownerDesignName>lab1</ownerDesignName>
<indexState>Foreign Key</indexState>
<isSurrogateKey>false</isSurrogateKey>
<indexColumnUsage>
<colUsage columnID="24E88ADA-3850-81FC-2BA5-05B2871B5105"/>
</indexColumnUsage>
</ind_PK_UK>
</indexes>
</Table>