<?xml version = '1.0' encoding = 'UTF-8'?>
<Table class="oracle.dbtools.crest.model.design.relational.Table" directorySegmentName="seg_0" id="95E935B0-C580-0271-9091-B980933ED71A" name="Venue">
<createdBy>VVerc</createdBy>
<createdTime>2022-09-10 13:56:47 UTC</createdTime>
<ownerDesignName>lab1</ownerDesignName>
<ordsAlias>table_16</ordsAlias>
<allowColumnReorder>false</allowColumnReorder>
<existDependencyGenerateInDDl>true</existDependencyGenerateInDDl>
<parsed>true</parsed>
<columns itemClass="oracle.dbtools.crest.model.design.relational.Column">
<Column name="id" id="5BCC48C0-D74E-EBA7-EDB8-63C7F05965A3">
<createdBy>VVerc</createdBy>
<createdTime>2022-09-10 14:25:22 UTC</createdTime>
<ownerDesignName>lab1</ownerDesignName>
<useDomainConstraints>false</useDomainConstraints>
<use>1</use>
<logicalDatatype>LOGDT011</logicalDatatype>
<ownDataTypeParameters>,,</ownDataTypeParameters>
<autoIncrementCycle>false</autoIncrementCycle>
</Column>
<Column name="address" id="FF2D9BB5-94C0-17D3-1B13-6DCD05B362E0">
<createdBy>VVerc</createdBy>
<createdTime>2022-09-10 14:25:54 UTC</createdTime>
<ownerDesignName>lab1</ownerDesignName>
<useDomainConstraints>false</useDomainConstraints>
<use>1</use>
<logicalDatatype>LOGDT024</logicalDatatype>
<ownDataTypeParameters>,,</ownDataTypeParameters>
<autoIncrementCycle>false</autoIncrementCycle>
</Column>
<Column name="comments" id="7BB3CFCC-07F0-676B-344C-3A5592B61C15">
<createdBy>VVerc</createdBy>
<createdTime>2022-09-10 14:25:54 UTC</createdTime>
<ownerDesignName>lab1</ownerDesignName>
<nullsAllowed>true</nullsAllowed>
<useDomainConstraints>false</useDomainConstraints>
<use>1</use>
<logicalDatatype>LOGDT024</logicalDatatype>
<ownDataTypeParameters>,,</ownDataTypeParameters>
<autoIncrementCycle>false</autoIncrementCycle>
</Column>
</columns>
<indexes itemClass="oracle.dbtools.crest.model.design.relational.Index">
<ind_PK_UK id="7A8D8EBC-4F79-CF87-1643-C95E9FD00103" name="Venue_PK">
<createdBy>VVerc</createdBy>
<createdTime>2022-09-10 14:25:22 UTC</createdTime>
<ownerDesignName>lab1</ownerDesignName>
<pk>true</pk>
<indexState>Primary Constraint</indexState>
<isSurrogateKey>false</isSurrogateKey>
<indexColumnUsage>
<colUsage columnID="5BCC48C0-D74E-EBA7-EDB8-63C7F05965A3"/>
</indexColumnUsage>
</ind_PK_UK>
</indexes>
</Table>