<?xml version = '1.0' encoding = 'UTF-8'?>
<Table class="oracle.dbtools.crest.model.design.relational.Table" directorySegmentName="seg_0" id="B9B7B2E0-1981-61E2-8471-2F5C4868DF87" name="Suite">
<createdBy>VVerc</createdBy>
<createdTime>2022-09-10 14:43:25 UTC</createdTime>
<ownerDesignName>lab1</ownerDesignName>
<ordsAlias>table_25</ordsAlias>
<allowColumnReorder>false</allowColumnReorder>
<existDependencyGenerateInDDl>true</existDependencyGenerateInDDl>
<parsed>true</parsed>
<columns itemClass="oracle.dbtools.crest.model.design.relational.Column">
<Column name="number" id="78F35983-132A-F2BB-7729-CB3A2808D6C2">
<createdBy>VVerc</createdBy>
<createdTime>2022-09-10 14:45:30 UTC</createdTime>
<ownerDesignName>lab1</ownerDesignName>
<useDomainConstraints>false</useDomainConstraints>
<use>1</use>
<logicalDatatype>LOGDT011</logicalDatatype>
<ownDataTypeParameters>,,</ownDataTypeParameters>
<autoIncrementCycle>false</autoIncrementCycle>
</Column>
<Column name="tenant" id="A809EF28-EED5-D1F1-03B2-AEF448468A5F">
<createdBy>VVerc</createdBy>
<createdTime>2022-09-10 14:46:26 UTC</createdTime>
<ownerDesignName>lab1</ownerDesignName>
<nullsAllowed>true</nullsAllowed>
<useDomainConstraints>false</useDomainConstraints>
<use>1</use>
<logicalDatatype>LOGDT024</logicalDatatype>
<ownDataTypeParameters>,,</ownDataTypeParameters>
<autoIncrementCycle>false</autoIncrementCycle>
</Column>
<Column name="Floor_number" id="754CA235-E950-E7CA-E21A-91E8256F9E9F">
<createdBy>VVerc</createdBy>
<createdTime>2022-09-10 14:47:29 UTC</createdTime>
<ownerDesignName>lab1</ownerDesignName>
<useDomainConstraints>false</useDomainConstraints>
<use>1</use>
<logicalDatatype>LOGDT011</logicalDatatype>
<ownDataTypeParameters>,,</ownDataTypeParameters>
<previousColumn>false</previousColumn>
<autoIncrementCycle>false</autoIncrementCycle>
<associations>
<colAssociation fkAssociation="CA278F89-FDC2-69CB-032F-50F4B87B48B8" referredColumn="DA0D1352-C635-C61E-9A13-FB2D7E04E683"/>
</associations>
</Column>
</columns>
<indexes itemClass="oracle.dbtools.crest.model.design.relational.Index">
<ind_PK_UK id="E1DEBC7B-E88A-140B-E717-70D13A881108" name="Suite_PK">
<createdBy>VVerc</createdBy>
<createdTime>2022-09-10 14:45:30 UTC</createdTime>
<ownerDesignName>lab1</ownerDesignName>
<pk>true</pk>
<indexState>Primary Constraint</indexState>
<isSurrogateKey>false</isSurrogateKey>
<indexColumnUsage>
<colUsage columnID="78F35983-132A-F2BB-7729-CB3A2808D6C2"/>
</indexColumnUsage>
</ind_PK_UK>
<ind_PK_UK id="893E5C76-0C7A-74BC-45BE-5C33A3C253B4" name="Suite_Floor_FK">
<createdBy>VVerc</createdBy>
<createdTime>2022-09-10 14:47:29 UTC</createdTime>
<ownerDesignName>lab1</ownerDesignName>
<indexState>Foreign Key</indexState>
<isSurrogateKey>false</isSurrogateKey>
<indexColumnUsage>
<colUsage columnID="754CA235-E950-E7CA-E21A-91E8256F9E9F"/>
</indexColumnUsage>
</ind_PK_UK>
</indexes>
</Table>