<?xml version = '1.0' encoding = 'UTF-8'?>
<Table class="oracle.dbtools.crest.model.design.relational.Table" directorySegmentName="seg_0" id="C602E56C-5D45-E67E-3CAA-10FDBF4D2494" name="Relation_student_teacher">
<createdBy>VVerc</createdBy>
<createdTime>2022-09-10 11:21:24 UTC</createdTime>
<ownerDesignName>lab1</ownerDesignName>
<ordsAlias>table_5</ordsAlias>
<allowColumnReorder>false</allowColumnReorder>
<existDependencyGenerateInDDl>true</existDependencyGenerateInDDl>
<parsed>true</parsed>
<columns itemClass="oracle.dbtools.crest.model.design.relational.Column">
<Column name="Student_student_id" id="1CF829D1-948F-ABCF-B0BD-CC4CDFD78FB7">
<createdBy>VVerc</createdBy>
<createdTime>2022-09-10 11:24:05 UTC</createdTime>
<ownerDesignName>lab1</ownerDesignName>
<useDomainConstraints>false</useDomainConstraints>
<use>1</use>
<logicalDatatype>LOGDT011</logicalDatatype>
<ownDataTypeParameters>,,</ownDataTypeParameters>
<previousColumn>false</previousColumn>
<autoIncrementCycle>false</autoIncrementCycle>
<associations>
<colAssociation fkAssociation="5F6E401E-E5C5-2751-00BB-A561E66A5A36" referredColumn="5F273C4E-5F4D-903F-3BAD-98018924F868"/>
</associations>
</Column>
<Column name="Teacher_teacher_id" id="0DE2C047-830B-48CB-68EC-9BE8F53013FD">
<createdBy>VVerc</createdBy>
<createdTime>2022-09-10 11:24:30 UTC</createdTime>
<ownerDesignName>lab1</ownerDesignName>
<useDomainConstraints>false</useDomainConstraints>
<use>1</use>
<logicalDatatype>LOGDT011</logicalDatatype>
<ownDataTypeParameters>,,</ownDataTypeParameters>
<previousColumn>false</previousColumn>
<autoIncrementCycle>false</autoIncrementCycle>
<associations>
<colAssociation fkAssociation="C53D8533-942C-DD78-CC73-262C06A333C4" referredColumn="7B61CC46-4012-DE95-1E9C-F0C0AF997D7F"/>
</associations>
</Column>
<Column name="relation_student_teacher_d" id="92E2C211-9DE6-2F05-5173-055228FF270E">
<createdBy>VVerc</createdBy>
<createdTime>2022-09-10 11:27:42 UTC</createdTime>
<ownerDesignName>lab1</ownerDesignName>
<useDomainConstraints>false</useDomainConstraints>
<use>1</use>
<logicalDatatype>LOGDT011</logicalDatatype>
<ownDataTypeParameters>,,</ownDataTypeParameters>
<autoIncrementCycle>false</autoIncrementCycle>
</Column>
</columns>
<indexes itemClass="oracle.dbtools.crest.model.design.relational.Index">
<ind_PK_UK id="5BE29978-29F7-9FF3-D94E-FA66B7E18828" name="Relation_student_teacher_PK">
<createdBy>VVerc</createdBy>
<createdTime>2022-09-10 11:27:42 UTC</createdTime>
<ownerDesignName>lab1</ownerDesignName>
<pk>true</pk>
<indexState>Primary Constraint</indexState>
<isSurrogateKey>false</isSurrogateKey>
<indexColumnUsage>
<colUsage columnID="92E2C211-9DE6-2F05-5173-055228FF270E"/>
</indexColumnUsage>
</ind_PK_UK>
<ind_PK_UK id="7DAA707E-2877-65F1-50C6-5A532A1129F8" name="Relation_student_teacher_Student_FK">
<createdBy>VVerc</createdBy>
<createdTime>2022-09-10 11:24:05 UTC</createdTime>
<ownerDesignName>lab1</ownerDesignName>
<indexState>Foreign Key</indexState>
<isSurrogateKey>false</isSurrogateKey>
<indexColumnUsage>
<colUsage columnID="1CF829D1-948F-ABCF-B0BD-CC4CDFD78FB7"/>
</indexColumnUsage>
</ind_PK_UK>
<ind_PK_UK id="00BE5A60-5B87-786A-E1E7-27DDAD96DDD8" name="Relation_student_teacher_Teacher_FK">
<createdBy>VVerc</createdBy>
<createdTime>2022-09-10 11:24:30 UTC</createdTime>
<ownerDesignName>lab1</ownerDesignName>
<indexState>Foreign Key</indexState>
<isSurrogateKey>false</isSurrogateKey>
<indexColumnUsage>
<colUsage columnID="0DE2C047-830B-48CB-68EC-9BE8F53013FD"/>
</indexColumnUsage>
</ind_PK_UK>
</indexes>
</Table>