<?xml version = '1.0' encoding = 'UTF-8'?>
<Table class="oracle.dbtools.crest.model.design.relational.Table" directorySegmentName="seg_0" id="C82A54B6-DEF2-2CA1-A091-AD07470296B3" name="Room">
<createdBy>VVerc</createdBy>
<createdTime>2022-09-10 14:43:11 UTC</createdTime>
<ownerDesignName>lab1</ownerDesignName>
<ordsAlias>table_24</ordsAlias>
<allowColumnReorder>false</allowColumnReorder>
<existDependencyGenerateInDDl>true</existDependencyGenerateInDDl>
<parsed>true</parsed>
<columns itemClass="oracle.dbtools.crest.model.design.relational.Column">
<Column name="number" id="AFDFF775-DC6A-3CD1-EFF8-C93CD01E7340">
<createdBy>VVerc</createdBy>
<createdTime>2022-09-10 14:45:06 UTC</createdTime>
<ownerDesignName>lab1</ownerDesignName>
<useDomainConstraints>false</useDomainConstraints>
<use>1</use>
<logicalDatatype>LOGDT011</logicalDatatype>
<ownDataTypeParameters>,,</ownDataTypeParameters>
<autoIncrementCycle>false</autoIncrementCycle>
</Column>
<Column name="Suite_number" id="BFCDE5EA-03EA-5D94-71A8-91203A59864A">
<createdBy>VVerc</createdBy>
<createdTime>2022-09-10 14:47:15 UTC</createdTime>
<ownerDesignName>lab1</ownerDesignName>
<useDomainConstraints>false</useDomainConstraints>
<use>1</use>
<logicalDatatype>LOGDT011</logicalDatatype>
<ownDataTypeParameters>,,</ownDataTypeParameters>
<previousColumn>false</previousColumn>
<autoIncrementCycle>false</autoIncrementCycle>
<associations>
<colAssociation fkAssociation="4650792D-0BDC-0D27-449D-B2CB537FC39A" referredColumn="78F35983-132A-F2BB-7729-CB3A2808D6C2"/>
</associations>
</Column>
</columns>
<indexes itemClass="oracle.dbtools.crest.model.design.relational.Index">
<ind_PK_UK id="488B53F8-7C15-CADB-D977-8A3A2B86A0E8" name="Room_PK">
<createdBy>VVerc</createdBy>
<createdTime>2022-09-10 14:45:06 UTC</createdTime>
<ownerDesignName>lab1</ownerDesignName>
<pk>true</pk>
<indexState>Primary Constraint</indexState>
<isSurrogateKey>false</isSurrogateKey>
<indexColumnUsage>
<colUsage columnID="AFDFF775-DC6A-3CD1-EFF8-C93CD01E7340"/>
</indexColumnUsage>
</ind_PK_UK>
<ind_PK_UK id="2DE74547-167F-4A23-85D5-8584A579925B" name="Room_Suite_FK">
<createdBy>VVerc</createdBy>
<createdTime>2022-09-10 14:47:15 UTC</createdTime>
<ownerDesignName>lab1</ownerDesignName>
<indexState>Foreign Key</indexState>
<isSurrogateKey>false</isSurrogateKey>
<indexColumnUsage>
<colUsage columnID="BFCDE5EA-03EA-5D94-71A8-91203A59864A"/>
</indexColumnUsage>
</ind_PK_UK>
</indexes>
</Table>