<?xml version = '1.0' encoding = 'UTF-8'?>
<Table class="oracle.dbtools.crest.model.design.relational.Table" directorySegmentName="seg_0" id="DA04430C-0A65-80E4-CFFA-4B5C3E0FCCA7" name="Private home">
<createdBy>VVerc</createdBy>
<createdTime>2022-09-10 14:37:03 UTC</createdTime>
<ownerDesignName>lab1</ownerDesignName>
<ordsAlias>table_22</ordsAlias>
<allowColumnReorder>false</allowColumnReorder>
<existDependencyGenerateInDDl>true</existDependencyGenerateInDDl>
<parsed>true</parsed>
<columns itemClass="oracle.dbtools.crest.model.design.relational.Column">
<Column name="accessibility" id="B69EE3B8-A5D9-F8F4-BED2-F33384239953">
<createdBy>VVerc</createdBy>
<createdTime>2022-09-10 14:38:10 UTC</createdTime>
<ownerDesignName>lab1</ownerDesignName>
<nullsAllowed>true</nullsAllowed>
<useDomainConstraints>false</useDomainConstraints>
<use>1</use>
<logicalDatatype>LOGDT006</logicalDatatype>
<dataTypeSize>1</dataTypeSize>
<ownDataTypeParameters>1,,</ownDataTypeParameters>
<autoIncrementCycle>false</autoIncrementCycle>
</Column>
<Column name="Venue_id" id="8EE3CD86-6B46-8C6C-56AA-F27628E17C68">
<createdBy>VVerc</createdBy>
<createdTime>2022-09-10 14:41:47 UTC</createdTime>
<ownerDesignName>lab1</ownerDesignName>
<useDomainConstraints>false</useDomainConstraints>
<use>1</use>
<logicalDatatype>LOGDT011</logicalDatatype>
<ownDataTypeParameters>,,</ownDataTypeParameters>
<previousColumn>false</previousColumn>
<autoIncrementCycle>false</autoIncrementCycle>
<associations>
<colAssociation fkAssociation="F7ED37BF-EFF1-8B01-61D2-4FF4714573AE" referredColumn="5BCC48C0-D74E-EBA7-EDB8-63C7F05965A3"/>
</associations>
</Column>
</columns>
<indexes itemClass="oracle.dbtools.crest.model.design.relational.Index">
<ind_PK_UK id="4D1F3D81-7112-AF89-2F9C-74F0C5C133F7" name="Private home_Venue_FK">
<createdBy>VVerc</createdBy>
<createdTime>2022-09-10 14:41:47 UTC</createdTime>
<ownerDesignName>lab1</ownerDesignName>
<indexState>Foreign Key</indexState>
<isSurrogateKey>false</isSurrogateKey>
<indexColumnUsage>
<colUsage columnID="8EE3CD86-6B46-8C6C-56AA-F27628E17C68"/>
</indexColumnUsage>
</ind_PK_UK>
</indexes>
</Table>