<?xml version = '1.0' encoding = 'UTF-8'?>
<Table class="oracle.dbtools.crest.model.design.relational.Table" directorySegmentName="seg_0" id="DA558FA9-5C7B-21CE-3A0C-14CE26A10777" name="Employee">
<createdBy>VVerc</createdBy>
<createdTime>2022-09-10 11:12:29 UTC</createdTime>
<ownerDesignName>lab1</ownerDesignName>
<ordsAlias>table_1</ordsAlias>
<allowColumnReorder>false</allowColumnReorder>
<existDependencyGenerateInDDl>true</existDependencyGenerateInDDl>
<parsed>true</parsed>
<columns itemClass="oracle.dbtools.crest.model.design.relational.Column">
<Column name="employee_id" id="369E25DA-624D-89D1-771B-5E9320728749">
<createdBy>VVerc</createdBy>
<createdTime>2022-09-10 11:14:42 UTC</createdTime>
<ownerDesignName>lab1</ownerDesignName>
<useDomainConstraints>false</useDomainConstraints>
<use>1</use>
<logicalDatatype>LOGDT011</logicalDatatype>
<ownDataTypeParameters>,,</ownDataTypeParameters>
<autoIncrementCycle>false</autoIncrementCycle>
</Column>
<Column name="Department_department_id" id="E9602F38-A100-E58D-53CF-82062346DCB5">
<createdBy>VVerc</createdBy>
<createdTime>2022-09-10 11:17:24 UTC</createdTime>
<ownerDesignName>lab1</ownerDesignName>
<useDomainConstraints>false</useDomainConstraints>
<use>1</use>
<logicalDatatype>LOGDT011</logicalDatatype>
<ownDataTypeParameters>,,</ownDataTypeParameters>
<previousColumn>false</previousColumn>
<autoIncrementCycle>false</autoIncrementCycle>
<associations>
<colAssociation fkAssociation="8178CEE6-D6B9-7AB7-2311-3F0D13E67263" referredColumn="3C384543-F36B-DAE3-9EF7-EACFDBFB3917"/>
</associations>
</Column>
</columns>
<indexes itemClass="oracle.dbtools.crest.model.design.relational.Index">
<ind_PK_UK id="9E468F92-DCDE-E8E6-DBB4-150BFE162823" name="Employee_PK">
<createdBy>VVerc</createdBy>
<createdTime>2022-09-10 11:14:42 UTC</createdTime>
<ownerDesignName>lab1</ownerDesignName>
<pk>true</pk>
<indexState>Primary Constraint</indexState>
<isSurrogateKey>false</isSurrogateKey>
<indexColumnUsage>
<colUsage columnID="369E25DA-624D-89D1-771B-5E9320728749"/>
</indexColumnUsage>
</ind_PK_UK>
<ind_PK_UK id="CFD47A72-38CB-11C2-D8D1-F4ED00796243" name="Employee_Department_FK">
<createdBy>VVerc</createdBy>
<createdTime>2022-09-10 11:17:24 UTC</createdTime>
<ownerDesignName>lab1</ownerDesignName>
<indexState>Foreign Key</indexState>
<isSurrogateKey>false</isSurrogateKey>
<indexColumnUsage>
<colUsage columnID="E9602F38-A100-E58D-53CF-82062346DCB5"/>
</indexColumnUsage>
</ind_PK_UK>
</indexes>
</Table>