<?xml version = '1.0' encoding = 'UTF-8'?>
<Table class="oracle.dbtools.crest.model.design.relational.Table" directorySegmentName="seg_0" id="E68A2A02-F154-3DD9-45C2-5B229C7E6EF4" name="Department">
<createdBy>VVerc</createdBy>
<createdTime>2022-09-10 11:15:06 UTC</createdTime>
<ownerDesignName>lab1</ownerDesignName>
<ordsAlias>table_2</ordsAlias>
<allowColumnReorder>false</allowColumnReorder>
<existDependencyGenerateInDDl>true</existDependencyGenerateInDDl>
<parsed>true</parsed>
<columns itemClass="oracle.dbtools.crest.model.design.relational.Column">
<Column name="department_id" id="3C384543-F36B-DAE3-9EF7-EACFDBFB3917">
<createdBy>VVerc</createdBy>
<createdTime>2022-09-10 11:15:56 UTC</createdTime>
<ownerDesignName>lab1</ownerDesignName>
<useDomainConstraints>false</useDomainConstraints>
<use>1</use>
<logicalDatatype>LOGDT011</logicalDatatype>
<ownDataTypeParameters>,,</ownDataTypeParameters>
<autoIncrementCycle>false</autoIncrementCycle>
</Column>
</columns>
<indexes itemClass="oracle.dbtools.crest.model.design.relational.Index">
<ind_PK_UK id="A5259CB6-14BC-4368-A7EA-DE1B34F29EB2" name="Department_PK">
<createdBy>VVerc</createdBy>
<createdTime>2022-09-10 11:15:56 UTC</createdTime>
<ownerDesignName>lab1</ownerDesignName>
<pk>true</pk>
<indexState>Primary Constraint</indexState>
<isSurrogateKey>false</isSurrogateKey>
<indexColumnUsage>
<colUsage columnID="3C384543-F36B-DAE3-9EF7-EACFDBFB3917"/>
</indexColumnUsage>
</ind_PK_UK>
</indexes>
</Table>