<?xml version = '1.0' encoding = 'UTF-8'?>
<Table class="oracle.dbtools.crest.model.design.relational.Table" directorySegmentName="seg_0" id="EE4C68CA-B7FD-28CA-DA6F-FF5BAFDA2319" name="Employee2">
<createdBy>VVerc</createdBy>
<createdTime>2022-09-10 11:28:17 UTC</createdTime>
<ownerDesignName>lab1</ownerDesignName>
<ordsAlias>table_6</ordsAlias>
<allowColumnReorder>false</allowColumnReorder>
<existDependencyGenerateInDDl>true</existDependencyGenerateInDDl>
<parsed>true</parsed>
<columns itemClass="oracle.dbtools.crest.model.design.relational.Column">
<Column name="ID" id="536A83DE-D6D0-987D-CC70-E79273802008">
<createdBy>VVerc</createdBy>
<createdTime>2022-09-10 11:33:38 UTC</createdTime>
<ownerDesignName>lab1</ownerDesignName>
<useDomainConstraints>false</useDomainConstraints>
<use>1</use>
<logicalDatatype>LOGDT011</logicalDatatype>
<ownDataTypeParameters>,,</ownDataTypeParameters>
<autoIncrementCycle>false</autoIncrementCycle>
</Column>
<Column name="First Name" id="E01411B9-974D-D760-3DFC-0C335FAD2141">
<createdBy>VVerc</createdBy>
<createdTime>2022-09-10 11:35:12 UTC</createdTime>
<ownerDesignName>lab1</ownerDesignName>
<useDomainConstraints>false</useDomainConstraints>
<use>1</use>
<logicalDatatype>LOGDT024</logicalDatatype>
<ownDataTypeParameters>,,</ownDataTypeParameters>
<autoIncrementCycle>false</autoIncrementCycle>
</Column>
<Column name="Last Name" id="B429BB80-0428-0627-EB9E-EFC6CF5826A3">
<createdBy>VVerc</createdBy>
<createdTime>2022-09-10 11:35:37 UTC</createdTime>
<ownerDesignName>lab1</ownerDesignName>
<useDomainConstraints>false</useDomainConstraints>
<use>1</use>
<logicalDatatype>LOGDT024</logicalDatatype>
<ownDataTypeParameters>,,</ownDataTypeParameters>
<autoIncrementCycle>false</autoIncrementCycle>
</Column>
<Column name="Hire Date" id="9FF579AE-1CFB-E5A9-A2C6-43261F7752C7">
<createdBy>VVerc</createdBy>
<createdTime>2022-09-10 11:36:47 UTC</createdTime>
<ownerDesignName>lab1</ownerDesignName>
<useDomainConstraints>false</useDomainConstraints>
<use>1</use>
<logicalDatatype>LOGDT007</logicalDatatype>
<ownDataTypeParameters>,,</ownDataTypeParameters>
<autoIncrementCycle>false</autoIncrementCycle>
</Column>
<Column name="Salary" id="95A69BA3-D570-D584-5F01-B41463C4DD5A">
<createdBy>VVerc</createdBy>
<createdTime>2022-09-10 11:38:01 UTC</createdTime>
<ownerDesignName>lab1</ownerDesignName>
<useDomainConstraints>false</useDomainConstraints>
<use>1</use>
<logicalDatatype>LOGDT026</logicalDatatype>
<ownDataTypeParameters>,,</ownDataTypeParameters>
<autoIncrementCycle>false</autoIncrementCycle>
</Column>
<Column name="Commision" id="CC8B7C53-23E5-5B3E-BB36-FCFCC8F8327A">
<createdBy>VVerc</createdBy>
<createdTime>2022-09-10 11:38:01 UTC</createdTime>
<ownerDesignName>lab1</ownerDesignName>
<nullsAllowed>true</nullsAllowed>
<useDomainConstraints>false</useDomainConstraints>
<use>1</use>
<logicalDatatype>LOGDT026</logicalDatatype>
<ownDataTypeParameters>,,</ownDataTypeParameters>
<autoIncrementCycle>false</autoIncrementCycle>
</Column>
<Column name="Departmentv2_id" id="6CEF7953-0346-6424-C9B4-086975FDB469">
<createdBy>VVerc</createdBy>
<createdTime>2022-09-10 13:20:41 UTC</createdTime>
<ownerDesignName>lab1</ownerDesignName>
<useDomainConstraints>false</useDomainConstraints>
<use>1</use>
<logicalDatatype>LOGDT011</logicalDatatype>
<ownDataTypeParameters>,,</ownDataTypeParameters>
<previousColumn>false</previousColumn>
<autoIncrementCycle>false</autoIncrementCycle>
<associations>
<colAssociation fkAssociation="2E9A9C28-C4D8-746F-99B6-B0B684FEE659" referredColumn="092A7890-7681-7A16-978C-7A832C8744C6"/>
</associations>
</Column>
<Column name="JOB_id" id="4742F235-2281-0A94-A996-475059648F49">
<createdBy>VVerc</createdBy>
<createdTime>2022-09-10 13:21:01 UTC</createdTime>
<ownerDesignName>lab1</ownerDesignName>
<useDomainConstraints>false</useDomainConstraints>
<use>1</use>
<logicalDatatype>LOGDT011</logicalDatatype>
<ownDataTypeParameters>,,</ownDataTypeParameters>
<previousColumn>false</previousColumn>
<autoIncrementCycle>false</autoIncrementCycle>
<associations>
<colAssociation fkAssociation="23E31D1D-786C-E492-96A0-9AD6B20F129E" referredColumn="D46DC789-97B9-619F-F2C7-52FAB9DB2C8B"/>
</associations>
</Column>
</columns>
<indexes itemClass="oracle.dbtools.crest.model.design.relational.Index">
<ind_PK_UK id="55AA81BB-7217-AF63-BA21-402FA9AE69C2" name="Employee2_PK">
<createdBy>VVerc</createdBy>
<createdTime>2022-09-10 11:35:12 UTC</createdTime>
<ownerDesignName>lab1</ownerDesignName>
<pk>true</pk>
<indexState>Primary Constraint</indexState>
<isSurrogateKey>false</isSurrogateKey>
<indexColumnUsage>
<colUsage columnID="536A83DE-D6D0-987D-CC70-E79273802008"/>
</indexColumnUsage>
</ind_PK_UK>
<ind_PK_UK id="37850F9C-E532-DD26-A54A-A9C93D4B071E" name="Employee2_Departmentv2_FK">
<createdBy>VVerc</createdBy>
<createdTime>2022-09-10 13:20:41 UTC</createdTime>
<ownerDesignName>lab1</ownerDesignName>
<indexState>Foreign Key</indexState>
<isSurrogateKey>false</isSurrogateKey>
<indexColumnUsage>
<colUsage columnID="6CEF7953-0346-6424-C9B4-086975FDB469"/>
</indexColumnUsage>
</ind_PK_UK>
<ind_PK_UK id="B31FC14D-EDE6-B52A-E9D5-54FD5C526BA8" name="Employee2_JOB_FK">
<createdBy>VVerc</createdBy>
<createdTime>2022-09-10 13:21:01 UTC</createdTime>
<ownerDesignName>lab1</ownerDesignName>
<indexState>Foreign Key</indexState>
<isSurrogateKey>false</isSurrogateKey>
<indexColumnUsage>
<colUsage columnID="4742F235-2281-0A94-A996-475059648F49"/>
</indexColumnUsage>
</ind_PK_UK>
</indexes>
</Table>