<?xml version = '1.0' encoding = 'UTF-8'?>
<Table class="oracle.dbtools.crest.model.design.relational.Table" directorySegmentName="seg_0" id="F4511D65-D417-4FE8-4B5D-53C21D1FD622" name="Departmentv2">
<createdBy>VVerc</createdBy>
<createdTime>2022-09-10 11:38:35 UTC</createdTime>
<ownerDesignName>lab1</ownerDesignName>
<ordsAlias>table_7</ordsAlias>
<allowColumnReorder>false</allowColumnReorder>
<existDependencyGenerateInDDl>true</existDependencyGenerateInDDl>
<parsed>true</parsed>
<columns itemClass="oracle.dbtools.crest.model.design.relational.Column">
<Column name="id" id="092A7890-7681-7A16-978C-7A832C8744C6">
<createdBy>VVerc</createdBy>
<createdTime>2022-09-10 11:39:32 UTC</createdTime>
<ownerDesignName>lab1</ownerDesignName>
<useDomainConstraints>false</useDomainConstraints>
<use>1</use>
<logicalDatatype>LOGDT011</logicalDatatype>
<ownDataTypeParameters>,,</ownDataTypeParameters>
<autoIncrementCycle>false</autoIncrementCycle>
</Column>
<Column name="Name" id="7F6BD29E-DA4F-1DA9-0267-F6F9D9A5B4CF">
<createdBy>VVerc</createdBy>
<createdTime>2022-09-10 11:40:02 UTC</createdTime>
<ownerDesignName>lab1</ownerDesignName>
<nullsAllowed>true</nullsAllowed>
<useDomainConstraints>false</useDomainConstraints>
<use>1</use>
<logicalDatatype>LOGDT024</logicalDatatype>
<ownDataTypeParameters>,,</ownDataTypeParameters>
<autoIncrementCycle>false</autoIncrementCycle>
</Column>
</columns>
<indexes itemClass="oracle.dbtools.crest.model.design.relational.Index">
<ind_PK_UK id="2A3702E1-0AE1-49EB-775A-3A9AFF0B00FA" name="Department_PKv1">
<createdBy>VVerc</createdBy>
<createdTime>2022-09-10 11:39:32 UTC</createdTime>
<ownerDesignName>lab1</ownerDesignName>
<pk>true</pk>
<indexState>Primary Constraint</indexState>
<isSurrogateKey>false</isSurrogateKey>
<indexColumnUsage>
<colUsage columnID="092A7890-7681-7A16-978C-7A832C8744C6"/>
</indexColumnUsage>
</ind_PK_UK>
</indexes>
</Table>