<?xml version = '1.0' encoding = 'UTF-8'?>
<Table class="oracle.dbtools.crest.model.design.relational.Table" directorySegmentName="seg_0" id="FC604FD8-E918-914C-31BF-374E42609D5E" name="Teacher">
<createdBy>VVerc</createdBy>
<createdTime>2022-09-10 11:21:04 UTC</createdTime>
<ownerDesignName>lab1</ownerDesignName>
<ordsAlias>table_4</ordsAlias>
<allowColumnReorder>false</allowColumnReorder>
<existDependencyGenerateInDDl>true</existDependencyGenerateInDDl>
<parsed>true</parsed>
<columns itemClass="oracle.dbtools.crest.model.design.relational.Column">
<Column name="teacher_id" id="7B61CC46-4012-DE95-1E9C-F0C0AF997D7F">
<createdBy>VVerc</createdBy>
<createdTime>2022-09-10 11:23:14 UTC</createdTime>
<ownerDesignName>lab1</ownerDesignName>
<useDomainConstraints>false</useDomainConstraints>
<use>1</use>
<logicalDatatype>LOGDT011</logicalDatatype>
<ownDataTypeParameters>,,</ownDataTypeParameters>
<autoIncrementCycle>false</autoIncrementCycle>
</Column>
</columns>
<indexes itemClass="oracle.dbtools.crest.model.design.relational.Index">
<ind_PK_UK id="FB091F12-A6B5-07E6-E529-2AC2A1F5C96A" name="Teacher_PK">
<createdBy>VVerc</createdBy>
<createdTime>2022-09-10 11:23:14 UTC</createdTime>
<ownerDesignName>lab1</ownerDesignName>
<pk>true</pk>
<indexState>Primary Constraint</indexState>
<isSurrogateKey>false</isSurrogateKey>
<indexColumnUsage>
<colUsage columnID="7B61CC46-4012-DE95-1E9C-F0C0AF997D7F"/>
</indexColumnUsage>
</ind_PK_UK>
</indexes>
</Table>