<?xml version = '1.0' encoding = 'UTF-8'?>
<Diagram class="oracle.dbtools.crest.swingui.relational.DPVRelational" name="Relational_1" id="0926D2FD-3D2D-ED2C-0A05-BD9251F530CA">
<createdBy>VVerc</createdBy>
<modifiedBy>VVerc</modifiedBy>
<createdTime>2022-09-10 07:36:29 UTC</createdTime>
<autoRoute>false</autoRoute>
<boxInbox>true</boxInbox>
<showLegend>false</showLegend>
<showLabels>false</showLabels>
<showRelAttributes>false</showRelAttributes>
<gridEnabled>false</gridEnabled>
<showGrid>false</showGrid>
<diagramColor>-1</diagramColor>
<display>false</display>
<notation>1</notation>
<objectViews>
<OView class="oracle.dbtools.crest.swingui.relational.TVTable" oid="166D74B4-0A2D-5EA2-D858-8D4650E71030" otype="Table" vid="3A168F08-6154-E612-7B22-30FED045E1D0">
<hideElementsInCurrentOnly>false</hideElementsInCurrentOnly>
<bounds x="175" y="256" width="156" height="120"/>
</OView>
<OView class="oracle.dbtools.crest.swingui.relational.TVTable" oid="1A72286A-8FB2-6C4B-3436-3D95979BCEEC" otype="Table" vid="FA284FDE-F78F-1658-B5C3-CABA8146295A">
<hideElementsInCurrentOnly>false</hideElementsInCurrentOnly>
<bounds x="238" y="2310" width="241" height="211"/>
</OView>
<OView class="oracle.dbtools.crest.swingui.relational.TVTable" oid="20A249A8-1FD4-3D85-39EA-48AB51A1ADCC" otype="Table" vid="F7633F0B-92A7-5A47-ECC4-E05D69A647E1">
<hideElementsInCurrentOnly>false</hideElementsInCurrentOnly>
<bounds x="914" y="2095" width="170" height="110"/>
</OView>
<OView class="oracle.dbtools.crest.swingui.relational.TVTable" oid="22FA60F4-D2AC-46E0-3477-824D61202CAB" otype="Table" vid="2A743E87-B4FF-2C58-DA7D-A049EE600888">
<hideElementsInCurrentOnly>false</hideElementsInCurrentOnly>
<bounds x="199" y="1548" width="207" height="154"/>
</OView>
<OView class="oracle.dbtools.crest.swingui.relational.TVTable" oid="30E97A9F-EE3A-5E90-4F86-B0860C9DCEAC" otype="Table" vid="607764AB-C5F7-9E00-FDC8-12769E55D243">
<hideElementsInCurrentOnly>false</hideElementsInCurrentOnly>
<bounds x="438" y="1880" width="170" height="110"/>
</OView>
<OView class="oracle.dbtools.crest.swingui.relational.TVTable" oid="35C2F3E6-4325-FE08-B144-6E90E21C83E0" otype="Table" vid="75E82865-19FB-5628-121D-35A96356CB02">
<hideElementsInCurrentOnly>false</hideElementsInCurrentOnly>
<bounds x="467" y="1410" width="177" height="122"/>
</OView>
<OView class="oracle.dbtools.crest.swingui.relational.TVTable" oid="49348CB4-FCCA-B52A-593B-CBDCF70201CD" otype="Table" vid="91908382-0CA5-30EE-4477-82AE30912F66">
<hideElementsInCurrentOnly>false</hideElementsInCurrentOnly>
<bounds x="75" y="1102" width="294" height="100"/>
</OView>
<OView class="oracle.dbtools.crest.swingui.relational.TVTable" oid="56C7F98F-1AA4-B72F-6F00-401EBAF9D44A" otype="Table" vid="B82AD27F-C682-BE0F-AB18-B33F5A72E29D">
<hideElementsInCurrentOnly>false</hideElementsInCurrentOnly>
<bounds x="462" y="1105" width="174" height="102"/>
</OView>
<OView class="oracle.dbtools.crest.swingui.relational.TVTable" oid="79D33FB9-1D21-9F46-B481-AAA787EE9051" otype="Table" vid="363C0960-1891-37D7-AC83-75CBD16085C2">
<hideElementsInCurrentOnly>false</hideElementsInCurrentOnly>
<bounds x="673" y="2097" width="170" height="110"/>
</OView>
<OView class="oracle.dbtools.crest.swingui.relational.TVTable" oid="7F831FE5-85B6-6692-128B-78BA4B60F7C9" otype="Table" vid="0D537E38-4D9F-18B0-002A-22B003D20D5C">
<hideElementsInCurrentOnly>false</hideElementsInCurrentOnly>
<bounds x="179" y="890" width="170" height="131"/>
</OView>
<OView class="oracle.dbtools.crest.swingui.relational.TVTable" oid="8AAD36CC-1DF6-35A5-018B-09472A660B4B" otype="Table" vid="5FEA5D14-E9D5-0462-1201-42EC8B71E7A9">
<hideElementsInCurrentOnly>false</hideElementsInCurrentOnly>
<bounds x="467" y="1257" width="182" height="119"/>
</OView>
<OView class="oracle.dbtools.crest.swingui.relational.TVTable" oid="9549A429-DF9D-0D0C-E855-3EA56F2C58F5" otype="Table" vid="001E08E8-7919-8F2F-12A6-52D4742EDFF6">
<hideElementsInCurrentOnly>false</hideElementsInCurrentOnly>
<bounds x="29" y="1260" width="343" height="261"/>
</OView>
<OView class="oracle.dbtools.crest.swingui.relational.TVTable" oid="95E935B0-C580-0271-9091-B980933ED71A" otype="Table" vid="780E1A19-DB9C-90DD-8F99-F926A3A08242">
<hideElementsInCurrentOnly>false</hideElementsInCurrentOnly>
<bounds x="187" y="1747" width="332" height="164"/>
</OView>
<OView class="oracle.dbtools.crest.swingui.relational.TVTable" oid="B9B7B2E0-1981-61E2-8471-2F5C4868DF87" otype="Table" vid="307C075C-25FB-7837-08EE-A5F8EED73F63">
<hideElementsInCurrentOnly>false</hideElementsInCurrentOnly>
<bounds x="385" y="2098" width="170" height="110"/>
</OView>
<OView class="oracle.dbtools.crest.swingui.relational.TVTable" oid="BC96C547-29B0-5104-332D-51223F8F8037" otype="Table" vid="2DD4CF46-0687-0B4E-ABE3-606F3CE73AC9">
<hideElementsInCurrentOnly>false</hideElementsInCurrentOnly>
<bounds x="638" y="2506" width="88" height="95"/>
</OView>
<OView class="oracle.dbtools.crest.swingui.relational.TVTable" oid="C602E56C-5D45-E67E-3CAA-10FDBF4D2494" otype="Table" vid="49676B47-0C2D-1847-AEFD-B6A3770B84F4">
<hideElementsInCurrentOnly>false</hideElementsInCurrentOnly>
<bounds x="176" y="418" width="499" height="121"/>
</OView>
<OView class="oracle.dbtools.crest.swingui.relational.TVTable" oid="C82A54B6-DEF2-2CA1-A091-AD07470296B3" otype="Table" vid="DE0735F8-84FE-2C81-85E7-35E9CADB159B">
<hideElementsInCurrentOnly>false</hideElementsInCurrentOnly>
<bounds x="96" y="2096" width="162" height="106"/>
</OView>
<OView class="oracle.dbtools.crest.swingui.relational.TVTable" oid="DA04430C-0A65-80E4-CFFA-4B5C3E0FCCA7" otype="Table" vid="3013F360-FFFC-34CE-DB93-3BFDF02CDE23">
<hideElementsInCurrentOnly>false</hideElementsInCurrentOnly>
<bounds x="220" y="1886" width="170" height="110"/>
</OView>
<OView class="oracle.dbtools.crest.swingui.relational.TVTable" oid="DA558FA9-5C7B-21CE-3A0C-14CE26A10777" otype="Table" vid="32E619CF-E739-AD12-5F20-82FA14FE8CF0">
<hideElementsInCurrentOnly>false</hideElementsInCurrentOnly>
<bounds x="78" y="86" width="261" height="111"/>
</OView>
<OView class="oracle.dbtools.crest.swingui.relational.TVTable" oid="E68A2A02-F154-3DD9-45C2-5B229C7E6EF4" otype="Table" vid="B4DBD88A-FA66-15B6-7FB5-641680254AEE">
<hideElementsInCurrentOnly>false</hideElementsInCurrentOnly>
<bounds x="543" y="76" width="279" height="130"/>
</OView>
<OView class="oracle.dbtools.crest.swingui.relational.TVTable" oid="EE4C68CA-B7FD-28CA-DA6F-FF5BAFDA2319" otype="Table" vid="F0376E36-D466-C8AE-6F95-3B7FBF195B0D">
<hideElementsInCurrentOnly>false</hideElementsInCurrentOnly>
<bounds x="72" y="620" width="288" height="190"/>
</OView>
<OView class="oracle.dbtools.crest.swingui.relational.TVTable" oid="F4511D65-D417-4FE8-4B5D-53C21D1FD622" otype="Table" vid="794228D0-49B8-23D5-4D7E-6B3077963DAA">
<hideElementsInCurrentOnly>false</hideElementsInCurrentOnly>
<bounds x="535" y="613" width="186" height="155"/>
</OView>
<OView class="oracle.dbtools.crest.swingui.relational.TVTable" oid="FC604FD8-E918-914C-31BF-374E42609D5E" otype="Table" vid="98E8445C-35FC-0843-D436-E548AB3B9A8F">
<hideElementsInCurrentOnly>false</hideElementsInCurrentOnly>
<bounds x="502" y="252" width="181" height="122"/>
</OView>
</objectViews>
<connectors>
<Connector class="oracle.dbtools.crest.swingui.relational.TVFKRelation" oid="11D44513-8911-1685-D482-7DC2299D49E2" otype="FKIndexAssociation" vid_source="FA284FDE-F78F-1658-B5C3-CABA8146295A" vid_target="FA284FDE-F78F-1658-B5C3-CABA8146295A">
<hideElementsInCurrentOnly>false</hideElementsInCurrentOnly>
<backgroundColor>-16777216</backgroundColor>
<lineWidth>1</lineWidth>
<points>
<point x="479" y="2434"/>
<point x="504" y="2434"/>
<point x="504" y="2546"/>
<point x="379" y="2546"/>
<point x="379" y="2521"/>
</points>
</Connector>
<Connector class="oracle.dbtools.crest.swingui.relational.TVFKRelation" oid="23E31D1D-786C-E492-96A0-9AD6B20F129E" otype="FKIndexAssociation" vid_source="0D537E38-4D9F-18B0-002A-22B003D20D5C" vid_target="F0376E36-D466-C8AE-6F95-3B7FBF195B0D">
<hideElementsInCurrentOnly>false</hideElementsInCurrentOnly>
<backgroundColor>-16777216</backgroundColor>
<lineWidth>1</lineWidth>
<points>
<point x="264" y="890"/>
<point x="264" y="810"/>
</points>
</Connector>
<Connector class="oracle.dbtools.crest.swingui.relational.TVFKRelation" oid="2D2DA809-D0E9-C03F-702D-497D5C03C2AD" otype="FKIndexAssociation" vid_source="75E82865-19FB-5628-121D-35A96356CB02" vid_target="001E08E8-7919-8F2F-12A6-52D4742EDFF6">
<hideElementsInCurrentOnly>false</hideElementsInCurrentOnly>
<backgroundColor>-16777216</backgroundColor>
<lineWidth>1</lineWidth>
<points>
<point x="467" y="1465"/>
<point x="372" y="1465"/>
</points>
</Connector>
<Connector class="oracle.dbtools.crest.swingui.relational.TVFKRelation" oid="2E1AC773-7358-357E-6DFC-F258F32009F6" otype="FKIndexAssociation" vid_source="5FEA5D14-E9D5-0462-1201-42EC8B71E7A9" vid_target="001E08E8-7919-8F2F-12A6-52D4742EDFF6">
<hideElementsInCurrentOnly>false</hideElementsInCurrentOnly>
<backgroundColor>-16777216</backgroundColor>
<lineWidth>1</lineWidth>
<points>
<point x="467" y="1318"/>
<point x="372" y="1318"/>
</points>
</Connector>
<Connector class="oracle.dbtools.crest.swingui.relational.TVFKRelation" oid="2E9A9C28-C4D8-746F-99B6-B0B684FEE659" otype="FKIndexAssociation" vid_source="794228D0-49B8-23D5-4D7E-6B3077963DAA" vid_target="F0376E36-D466-C8AE-6F95-3B7FBF195B0D">
<hideElementsInCurrentOnly>false</hideElementsInCurrentOnly>
<backgroundColor>-16777216</backgroundColor>
<lineWidth>1</lineWidth>
<points>
<point x="535" y="709"/>
<point x="360" y="709"/>
</points>
</Connector>
<Connector class="oracle.dbtools.crest.swingui.relational.TVFKRelation" oid="4650792D-0BDC-0D27-449D-B2CB537FC39A" otype="FKIndexAssociation" vid_source="307C075C-25FB-7837-08EE-A5F8EED73F63" vid_target="DE0735F8-84FE-2C81-85E7-35E9CADB159B">
<hideElementsInCurrentOnly>false</hideElementsInCurrentOnly>
<backgroundColor>-16777216</backgroundColor>
<lineWidth>1</lineWidth>
<points>
<point x="385" y="2150"/>
<point x="258" y="2150"/>
</points>
</Connector>
<Connector class="oracle.dbtools.crest.swingui.relational.TVFKRelation" oid="5C54AD44-5724-E877-EE8C-18E9FA514DBD" otype="FKIndexAssociation" vid_source="780E1A19-DB9C-90DD-8F99-F926A3A08242" vid_target="2A743E87-B4FF-2C58-DA7D-A049EE600888">
<hideElementsInCurrentOnly>false</hideElementsInCurrentOnly>
<backgroundColor>-16777216</backgroundColor>
<lineWidth>1</lineWidth>
<points>
<point x="302" y="1743"/>
<point x="302" y="1702"/>
</points>
</Connector>
<Connector class="oracle.dbtools.crest.swingui.relational.TVFKRelation" oid="5F6E401E-E5C5-2751-00BB-A561E66A5A36" otype="FKIndexAssociation" vid_source="3A168F08-6154-E612-7B22-30FED045E1D0" vid_target="49676B47-0C2D-1847-AEFD-B6A3770B84F4">
<hideElementsInCurrentOnly>false</hideElementsInCurrentOnly>
<backgroundColor>-16777216</backgroundColor>
<lineWidth>1</lineWidth>
<points>
<point x="253" y="376"/>
<point x="253" y="418"/>
</points>
</Connector>
<Connector class="oracle.dbtools.crest.swingui.relational.TVFKRelation" oid="8178CEE6-D6B9-7AB7-2311-3F0D13E67263" otype="FKIndexAssociation" vid_source="B4DBD88A-FA66-15B6-7FB5-641680254AEE" vid_target="32E619CF-E739-AD12-5F20-82FA14FE8CF0">
<hideElementsInCurrentOnly>false</hideElementsInCurrentOnly>
<backgroundColor>-16777216</backgroundColor>
<lineWidth>1</lineWidth>
<points>
<point x="543" y="156"/>
<point x="339" y="156"/>
</points>
</Connector>
<Connector class="oracle.dbtools.crest.swingui.relational.TVFKRelation" oid="C494226F-6F5C-E029-6DBC-37E7EE6ABE76" otype="FKIndexAssociation" vid_source="780E1A19-DB9C-90DD-8F99-F926A3A08242" vid_target="607764AB-C5F7-9E00-FDC8-12769E55D243">
<hideElementsInCurrentOnly>false</hideElementsInCurrentOnly>
<backgroundColor>-16777216</backgroundColor>
<lineWidth>1</lineWidth>
<points>
<point x="636" y="1895"/>
<point x="438" y="1895"/>
</points>
</Connector>
<Connector class="oracle.dbtools.crest.swingui.relational.TVFKRelation" oid="C53D8533-942C-DD78-CC73-262C06A333C4" otype="FKIndexAssociation" vid_source="98E8445C-35FC-0843-D436-E548AB3B9A8F" vid_target="49676B47-0C2D-1847-AEFD-B6A3770B84F4">
<hideElementsInCurrentOnly>false</hideElementsInCurrentOnly>
<backgroundColor>-16777216</backgroundColor>
<lineWidth>1</lineWidth>
<points>
<point x="588" y="374"/>
<point x="588" y="418"/>
</points>
</Connector>
<Connector class="oracle.dbtools.crest.swingui.relational.TVFKRelation" oid="CA278F89-FDC2-69CB-032F-50F4B87B48B8" otype="FKIndexAssociation" vid_source="363C0960-1891-37D7-AC83-75CBD16085C2" vid_target="307C075C-25FB-7837-08EE-A5F8EED73F63">
<hideElementsInCurrentOnly>false</hideElementsInCurrentOnly>
<backgroundColor>-16777216</backgroundColor>
<lineWidth>1</lineWidth>
<points>
<point x="673" y="2152"/>
<point x="555" y="2152"/>
</points>
</Connector>
<Connector class="oracle.dbtools.crest.swingui.relational.TVFKRelation" oid="D234D3C1-25F5-8891-83CF-39F9C3802599" otype="FKIndexAssociation" vid_source="B82AD27F-C682-BE0F-AB18-B33F5A72E29D" vid_target="91908382-0CA5-30EE-4477-82AE30912F66">
<hideElementsInCurrentOnly>false</hideElementsInCurrentOnly>
<backgroundColor>-16777216</backgroundColor>
<lineWidth>1</lineWidth>
<points>
<point x="462" y="1168"/>
<point x="369" y="1168"/>
</points>
</Connector>
<Connector class="oracle.dbtools.crest.swingui.relational.TVFKRelation" oid="D25E1566-ADB3-024F-50DC-706ACF464025" otype="FKIndexAssociation" vid_source="F7633F0B-92A7-5A47-ECC4-E05D69A647E1" vid_target="363C0960-1891-37D7-AC83-75CBD16085C2">
<hideElementsInCurrentOnly>false</hideElementsInCurrentOnly>
<backgroundColor>-16777216</backgroundColor>
<lineWidth>1</lineWidth>
<points>
<point x="914" y="2151"/>
<point x="843" y="2151"/>
</points>
</Connector>
<Connector class="oracle.dbtools.crest.swingui.relational.TVFKRelation" oid="F7ED37BF-EFF1-8B01-61D2-4FF4714573AE" otype="FKIndexAssociation" vid_source="780E1A19-DB9C-90DD-8F99-F926A3A08242" vid_target="3013F360-FFFC-34CE-DB93-3BFDF02CDE23">
<hideElementsInCurrentOnly>false</hideElementsInCurrentOnly>
<backgroundColor>-16777216</backgroundColor>
<lineWidth>1</lineWidth>
<points>
<point x="636" y="1898"/>
<point x="220" y="1898"/>
</points>
</Connector>
</connectors>
<arcs>
<Arc class="oracle.dbtools.crest.swingui.relational.TVFKArc" oid="FC7039B2-34FC-2366-5406-6FD9F09BC192" otype="FKArc" vid="F61CD842-962E-6926-1F3C-0EC52B17E074">
<hideElementsInCurrentOnly>false</hideElementsInCurrentOnly>
<bounds x="9" y="1240" width="383" height="301"/>
</Arc>
</arcs>
</Diagram>