<?xml version = '1.0' encoding = 'UTF-8'?>
<Diagram class="oracle.dbtools.crest.swingui.relational.DPVRelational" name="Relational_1" id="8B62A721-74ED-C00A-F620-7A5196A17499">
<createdBy>VVerc</createdBy>
<modifiedBy>VVerc</modifiedBy>
<createdTime>2022-09-25 09:40:41 UTC</createdTime>
<autoRoute>false</autoRoute>
<boxInbox>true</boxInbox>
<showLegend>false</showLegend>
<showLabels>false</showLabels>
<showRelAttributes>false</showRelAttributes>
<gridEnabled>false</gridEnabled>
<showGrid>false</showGrid>
<diagramColor>-1</diagramColor>
<display>false</display>
<notation>1</notation>
<objectViews>
<OView class="oracle.dbtools.crest.swingui.relational.TVTable" oid="22209350-D215-95BE-1097-42EF7F75E615" otype="Table" vid="7FEC06CA-B8A6-573E-D96B-25F90268D699">
<hideElementsInCurrentOnly>false</hideElementsInCurrentOnly>
<bounds x="243" y="185" width="321" height="200"/>
</OView>
<OView class="oracle.dbtools.crest.swingui.relational.TVTable" oid="43F8B642-9398-CA84-B849-F7CF81FDC70C" otype="Table" vid="3B51A9A4-3E50-35C4-4991-DD441ECE2DBC">
<hideElementsInCurrentOnly>false</hideElementsInCurrentOnly>
<bounds x="612" y="579" width="221" height="114"/>
</OView>
<OView class="oracle.dbtools.crest.swingui.relational.TVTable" oid="5BAC7DDD-47AB-4AE6-C5C8-F18011640E7F" otype="Table" vid="B0CE4577-6363-969C-BCA5-F340C2B858A9">
<hideElementsInCurrentOnly>false</hideElementsInCurrentOnly>
<bounds x="591" y="375" width="282" height="143"/>
</OView>
<OView class="oracle.dbtools.crest.swingui.relational.TVTable" oid="89282107-C979-038D-E761-4C17413F05DB" otype="Table" vid="EC819E9C-82FA-C0BD-6754-F941606B8A10">
<hideElementsInCurrentOnly>false</hideElementsInCurrentOnly>
<bounds x="604" y="0" width="334" height="117"/>
</OView>
<OView class="oracle.dbtools.crest.swingui.relational.TVTable" oid="965B432B-B51A-D0DC-6E41-D39EB692D331" otype="Table" vid="EEA98507-722F-5623-223C-2B3D686C7F79">
<hideElementsInCurrentOnly>false</hideElementsInCurrentOnly>
<bounds x="990" y="323" width="303" height="160"/>
</OView>
<OView class="oracle.dbtools.crest.swingui.relational.TVTable" oid="AB13E0D2-6600-F33D-1FE1-FE93373515F4" otype="Table" vid="563BA342-CB53-882D-720F-C29673710299">
<hideElementsInCurrentOnly>false</hideElementsInCurrentOnly>
<bounds x="1012" y="81" width="383" height="136"/>
</OView>
<OView class="oracle.dbtools.crest.swingui.relational.TVTable" oid="D762D296-7E79-FAE9-B144-82E52629E8FB" otype="Table" vid="EEC4E0E7-B6C7-BA6A-4F08-E71C11B8DAD8">
<hideElementsInCurrentOnly>false</hideElementsInCurrentOnly>
<bounds x="696" y="174" width="210" height="91"/>
</OView>
<OView class="oracle.dbtools.crest.swingui.relational.TVTable" oid="F5AFD59A-7BC6-3E79-14A6-2194EA544864" otype="Table" vid="AB80E9EA-5D71-A561-EEC1-21B3C1B26E5F">
<hideElementsInCurrentOnly>false</hideElementsInCurrentOnly>
<bounds x="136" y="452" width="276" height="155"/>
</OView>
</objectViews>
<connectors>
<Connector class="oracle.dbtools.crest.swingui.relational.TVFKRelation" oid="117F3166-3BFB-9FED-405A-4FFF291A686C" otype="FKIndexAssociation" vid_source="3B51A9A4-3E50-35C4-4991-DD441ECE2DBC" vid_target="AB80E9EA-5D71-A561-EEC1-21B3C1B26E5F">
<hideElementsInCurrentOnly>false</hideElementsInCurrentOnly>
<backgroundColor>-16777216</backgroundColor>
<lineWidth>1</lineWidth>
<points>
<point x="612" y="593"/>
<point x="412" y="593"/>
</points>
</Connector>
<Connector class="oracle.dbtools.crest.swingui.relational.TVFKRelation" oid="43F7D2FC-D04B-1458-22FE-7815350F0F71" otype="FKIndexAssociation" vid_source="EEC4E0E7-B6C7-BA6A-4F08-E71C11B8DAD8" vid_target="EC819E9C-82FA-C0BD-6754-F941606B8A10">
<hideElementsInCurrentOnly>false</hideElementsInCurrentOnly>
<backgroundColor>-16777216</backgroundColor>
<lineWidth>1</lineWidth>
<points>
<point x="801" y="174"/>
<point x="801" y="117"/>
</points>
</Connector>
<Connector class="oracle.dbtools.crest.swingui.relational.TVFKRelation" oid="74924B31-29A5-3032-800D-B97BFD3A19B2" otype="FKIndexAssociation" vid_source="EEC4E0E7-B6C7-BA6A-4F08-E71C11B8DAD8" vid_target="EEA98507-722F-5623-223C-2B3D686C7F79">
<hideElementsInCurrentOnly>false</hideElementsInCurrentOnly>
<backgroundColor>-16777216</backgroundColor>
<lineWidth>1</lineWidth>
<points>
<point x="885" y="265"/>
<point x="993" y="323"/>
</points>
</Connector>
<Connector class="oracle.dbtools.crest.swingui.relational.TVFKRelation" oid="87E8229C-DADA-C380-057D-E869FA011A66" otype="FKIndexAssociation" vid_source="EEC4E0E7-B6C7-BA6A-4F08-E71C11B8DAD8" vid_target="7FEC06CA-B8A6-573E-D96B-25F90268D699">
<hideElementsInCurrentOnly>false</hideElementsInCurrentOnly>
<backgroundColor>-16777216</backgroundColor>
<lineWidth>1</lineWidth>
<points>
<point x="696" y="210"/>
<point x="564" y="210"/>
</points>
</Connector>
<Connector class="oracle.dbtools.crest.swingui.relational.TVFKRelation" oid="8C462880-8A98-04B9-74D6-21DD687183A9" otype="FKIndexAssociation" vid_source="EEC4E0E7-B6C7-BA6A-4F08-E71C11B8DAD8" vid_target="563BA342-CB53-882D-720F-C29673710299">
<hideElementsInCurrentOnly>false</hideElementsInCurrentOnly>
<backgroundColor>-16777216</backgroundColor>
<lineWidth>1</lineWidth>
<points>
<point x="906" y="195"/>
<point x="1012" y="195"/>
</points>
</Connector>
<Connector class="oracle.dbtools.crest.swingui.relational.TVFKRelation" oid="C89971CD-B698-8F71-E38C-D5212AF47CF2" otype="FKIndexAssociation" vid_source="EEC4E0E7-B6C7-BA6A-4F08-E71C11B8DAD8" vid_target="B0CE4577-6363-969C-BCA5-F340C2B858A9">
<hideElementsInCurrentOnly>false</hideElementsInCurrentOnly>
<backgroundColor>-16777216</backgroundColor>
<lineWidth>1</lineWidth>
<points>
<point x="799" y="265"/>
<point x="799" y="375"/>
</points>
</Connector>
<Connector class="oracle.dbtools.crest.swingui.relational.TVFKRelation" oid="D857106B-9300-6F3E-A81F-73A26312AE41" otype="FKIndexAssociation" vid_source="7FEC06CA-B8A6-573E-D96B-25F90268D699" vid_target="AB80E9EA-5D71-A561-EEC1-21B3C1B26E5F">
<hideElementsInCurrentOnly>false</hideElementsInCurrentOnly>
<backgroundColor>-16777216</backgroundColor>
<lineWidth>1</lineWidth>
<points>
<point x="327" y="385"/>
<point x="327" y="452"/>
</points>
</Connector>
</connectors>
</Diagram>