<?xml version = '1.0' encoding = 'UTF-8'?>
<Table class="oracle.dbtools.crest.model.design.relational.Table" directorySegmentName="seg_0" id="22209350-D215-95BE-1097-42EF7F75E615" name="tblProducts">
<createdBy>VVerc</createdBy>
<createdTime>2022-09-25 09:40:41 UTC</createdTime>
<ownerDesignName>lab2</ownerDesignName>
<ordsAlias>table_1</ordsAlias>
<allowColumnReorder>false</allowColumnReorder>
<existDependencyGenerateInDDl>true</existDependencyGenerateInDDl>
<parsed>true</parsed>
<columns itemClass="oracle.dbtools.crest.model.design.relational.Column">
<Column name="productID" id="1461E8F7-6B78-F1D4-97C8-2B7BCC790C87">
<createdBy>VVerc</createdBy>
<createdTime>2022-09-25 09:52:07 UTC</createdTime>
<ownerDesignName>lab2</ownerDesignName>
<useDomainConstraints>false</useDomainConstraints>
<use>1</use>
<logicalDatatype>LOGDT011</logicalDatatype>
<ownDataTypeParameters>,,</ownDataTypeParameters>
<autoIncrementCycle>false</autoIncrementCycle>
</Column>
<Column name="deliveryDate" id="9670EB27-EE43-B300-7943-577F98625D12">
<createdBy>VVerc</createdBy>
<createdTime>2022-09-25 09:46:24 UTC</createdTime>
<ownerDesignName>lab2</ownerDesignName>
<useDomainConstraints>false</useDomainConstraints>
<use>1</use>
<logicalDatatype>LOGDT008</logicalDatatype>
<ownDataTypeParameters>,,</ownDataTypeParameters>
<autoIncrementCycle>false</autoIncrementCycle>
</Column>
<Column name="productName" id="BB75300D-38AB-D961-13EC-9B801434F73D">
<createdBy>VVerc</createdBy>
<createdTime>2022-09-25 09:48:02 UTC</createdTime>
<ownerDesignName>lab2</ownerDesignName>
<useDomainConstraints>false</useDomainConstraints>
<use>1</use>
<logicalDatatype>LOGDT024</logicalDatatype>
<dataTypeSize>30</dataTypeSize>
<ownDataTypeParameters>30,,</ownDataTypeParameters>
<autoIncrementCycle>false</autoIncrementCycle>
</Column>
<Column name="numberOfProducts" id="955CE7B7-EFCB-1300-B6B0-EC9202B7096E">
<createdBy>VVerc</createdBy>
<createdTime>2022-09-25 10:07:48 UTC</createdTime>
<ownerDesignName>lab2</ownerDesignName>
<useDomainConstraints>false</useDomainConstraints>
<use>1</use>
<logicalDatatype>LOGDT011</logicalDatatype>
<ownDataTypeParameters>,,</ownDataTypeParameters>
<autoIncrementCycle>false</autoIncrementCycle>
</Column>
<Column name="unitPrice" id="23E48C65-8859-EB9F-94BF-D232245988C4">
<createdBy>VVerc</createdBy>
<createdTime>2022-09-25 10:10:55 UTC</createdTime>
<ownerDesignName>lab2</ownerDesignName>
<useDomainConstraints>false</useDomainConstraints>
<use>1</use>
<logicalDatatype>LOGDT026</logicalDatatype>
<ownDataTypeParameters>,,</ownDataTypeParameters>
<autoIncrementCycle>false</autoIncrementCycle>
</Column>
<Column name="brandName" id="89E255DF-0D21-8787-6DB3-6365D512ADD4">
<createdBy>VVerc</createdBy>
<createdTime>2022-09-25 10:10:55 UTC</createdTime>
<ownerDesignName>lab2</ownerDesignName>
<useDomainConstraints>false</useDomainConstraints>
<use>1</use>
<logicalDatatype>LOGDT024</logicalDatatype>
<dataTypeSize>30</dataTypeSize>
<ownDataTypeParameters>30,,</ownDataTypeParameters>
<autoIncrementCycle>false</autoIncrementCycle>
</Column>
<Column name="tblCategory_categoryID" id="A3F6D172-4DEC-8943-ECC9-7DAA1A4D180B">
<createdBy>VVerc</createdBy>
<createdTime>2022-09-25 10:22:48 UTC</createdTime>
<ownerDesignName>lab2</ownerDesignName>
<useDomainConstraints>false</useDomainConstraints>
<use>1</use>
<logicalDatatype>LOGDT011</logicalDatatype>
<ownDataTypeParameters>,,</ownDataTypeParameters>
<previousColumn>false</previousColumn>
<autoIncrementCycle>false</autoIncrementCycle>
<associations>
<colAssociation fkAssociation="87E8229C-DADA-C380-057D-E869FA011A66" referredColumn="01BA871C-E747-0688-DD0E-17ED00E13BD5"/>
</associations>
</Column>
</columns>
<indexes itemClass="oracle.dbtools.crest.model.design.relational.Index">
<ind_PK_UK id="F3933C2D-2026-62C5-5F45-5B983B624A71" name="tblProducts_PK">
<createdBy>VVerc</createdBy>
<createdTime>2022-09-25 10:10:55 UTC</createdTime>
<ownerDesignName>lab2</ownerDesignName>
<pk>true</pk>
<indexState>Primary Constraint</indexState>
<isSurrogateKey>false</isSurrogateKey>
<indexColumnUsage>
<colUsage columnID="1461E8F7-6B78-F1D4-97C8-2B7BCC790C87"/>
</indexColumnUsage>
</ind_PK_UK>
<ind_PK_UK id="641C0E6B-44D9-0697-A67C-912CB4C7E2D6" name="tblProducts_tblCategory_FK">
<createdBy>VVerc</createdBy>
<createdTime>2022-09-25 10:22:48 UTC</createdTime>
<ownerDesignName>lab2</ownerDesignName>
<indexState>Foreign Key</indexState>
<isSurrogateKey>false</isSurrogateKey>
<indexColumnUsage>
<colUsage columnID="A3F6D172-4DEC-8943-ECC9-7DAA1A4D180B"/>
</indexColumnUsage>
</ind_PK_UK>
</indexes>
</Table>