<?xml version = '1.0' encoding = 'UTF-8'?>
<Table class="oracle.dbtools.crest.model.design.relational.Table" directorySegmentName="seg_0" id="43F8B642-9398-CA84-B849-F7CF81FDC70C" name="tblShops">
<createdBy>VVerc</createdBy>
<createdTime>2022-09-25 12:15:37 UTC</createdTime>
<ownerDesignName>lab2</ownerDesignName>
<ordsAlias>table_10</ordsAlias>
<allowColumnReorder>false</allowColumnReorder>
<existDependencyGenerateInDDl>true</existDependencyGenerateInDDl>
<parsed>true</parsed>
<columns itemClass="oracle.dbtools.crest.model.design.relational.Column">
<Column name="shopID" id="646EAD09-F603-EC58-1932-ADAB7153CE14">
<createdBy>VVerc</createdBy>
<createdTime>2022-09-25 12:16:54 UTC</createdTime>
<ownerDesignName>lab2</ownerDesignName>
<useDomainConstraints>false</useDomainConstraints>
<use>1</use>
<logicalDatatype>LOGDT011</logicalDatatype>
<ownDataTypeParameters>,,</ownDataTypeParameters>
<autoIncrementCycle>false</autoIncrementCycle>
</Column>
<Column name="shopName" id="ED263D5B-064E-D5F1-F0AC-A06314A01ACF">
<createdBy>VVerc</createdBy>
<createdTime>2022-09-25 12:16:54 UTC</createdTime>
<ownerDesignName>lab2</ownerDesignName>
<useDomainConstraints>false</useDomainConstraints>
<use>1</use>
<logicalDatatype>LOGDT024</logicalDatatype>
<dataTypeSize>30</dataTypeSize>
<ownDataTypeParameters>30,,</ownDataTypeParameters>
<autoIncrementCycle>false</autoIncrementCycle>
</Column>
<Column name="shopLocation" id="89283A05-224C-EF4F-E5DD-B36F3032D81C">
<createdBy>VVerc</createdBy>
<createdTime>2022-09-25 12:16:54 UTC</createdTime>
<ownerDesignName>lab2</ownerDesignName>
<useDomainConstraints>false</useDomainConstraints>
<use>1</use>
<logicalDatatype>LOGDT024</logicalDatatype>
<dataTypeSize>30</dataTypeSize>
<ownDataTypeParameters>30,,</ownDataTypeParameters>
<autoIncrementCycle>false</autoIncrementCycle>
</Column>
</columns>
<indexes itemClass="oracle.dbtools.crest.model.design.relational.Index">
<ind_PK_UK id="CF249DF6-B8E1-5825-DE67-2EB53BBFB3FE" name="tblShops_PK">
<createdBy>VVerc</createdBy>
<createdTime>2022-09-25 12:16:54 UTC</createdTime>
<ownerDesignName>lab2</ownerDesignName>
<pk>true</pk>
<indexState>Primary Constraint</indexState>
<isSurrogateKey>false</isSurrogateKey>
<indexColumnUsage>
<colUsage columnID="646EAD09-F603-EC58-1932-ADAB7153CE14"/>
</indexColumnUsage>
</ind_PK_UK>
</indexes>
</Table>