<?xml version = '1.0' encoding = 'UTF-8'?>
<Table class="oracle.dbtools.crest.model.design.relational.Table" directorySegmentName="seg_0" id="5BAC7DDD-47AB-4AE6-C5C8-F18011640E7F" name="tblClothes">
<createdBy>VVerc</createdBy>
<createdTime>2022-09-25 11:55:16 UTC</createdTime>
<ownerDesignName>lab2</ownerDesignName>
<ordsAlias>table_3</ordsAlias>
<allowColumnReorder>false</allowColumnReorder>
<existDependencyGenerateInDDl>true</existDependencyGenerateInDDl>
<parsed>true</parsed>
<columns itemClass="oracle.dbtools.crest.model.design.relational.Column">
<Column name="clothesID" id="FD942C3F-2003-A170-13B1-CC0A351F9DD4">
<createdBy>VVerc</createdBy>
<createdTime>2022-09-25 11:58:22 UTC</createdTime>
<ownerDesignName>lab2</ownerDesignName>
<useDomainConstraints>false</useDomainConstraints>
<use>1</use>
<logicalDatatype>LOGDT011</logicalDatatype>
<ownDataTypeParameters>,,</ownDataTypeParameters>
<autoIncrementCycle>false</autoIncrementCycle>
</Column>
<Column name="clothesSize" id="4E8CE617-80FA-7186-CF58-1AFC54DD5E00">
<createdBy>VVerc</createdBy>
<createdTime>2022-09-25 11:58:22 UTC</createdTime>
<ownerDesignName>lab2</ownerDesignName>
<useDomainConstraints>false</useDomainConstraints>
<use>1</use>
<logicalDatatype>LOGDT011</logicalDatatype>
<ownDataTypeParameters>,,</ownDataTypeParameters>
<autoIncrementCycle>false</autoIncrementCycle>
</Column>
<Column name="clothesMaterial" id="AEA2C68E-E58F-79D7-5B85-9B004C52FED3">
<createdBy>VVerc</createdBy>
<createdTime>2022-09-25 11:58:22 UTC</createdTime>
<ownerDesignName>lab2</ownerDesignName>
<nullsAllowed>true</nullsAllowed>
<useDomainConstraints>false</useDomainConstraints>
<use>1</use>
<logicalDatatype>LOGDT024</logicalDatatype>
<dataTypeSize>30</dataTypeSize>
<ownDataTypeParameters>30,,</ownDataTypeParameters>
<autoIncrementCycle>false</autoIncrementCycle>
</Column>
<Column name="tblCategory_categoryID" id="8C4C80CF-0656-478B-BE7D-0D834F5D61D6">
<createdBy>VVerc</createdBy>
<createdTime>2022-09-25 12:00:18 UTC</createdTime>
<ownerDesignName>lab2</ownerDesignName>
<useDomainConstraints>false</useDomainConstraints>
<use>1</use>
<logicalDatatype>LOGDT011</logicalDatatype>
<ownDataTypeParameters>,,</ownDataTypeParameters>
<previousColumn>false</previousColumn>
<autoIncrementCycle>false</autoIncrementCycle>
<associations>
<colAssociation fkAssociation="C89971CD-B698-8F71-E38C-D5212AF47CF2" referredColumn="01BA871C-E747-0688-DD0E-17ED00E13BD5"/>
</associations>
</Column>
</columns>
<indexes itemClass="oracle.dbtools.crest.model.design.relational.Index">
<ind_PK_UK id="88F9FB89-6233-BA1C-27BF-4805E5F49379" name="tblClothes_PK">
<createdBy>VVerc</createdBy>
<createdTime>2022-09-25 11:58:22 UTC</createdTime>
<ownerDesignName>lab2</ownerDesignName>
<pk>true</pk>
<indexState>Primary Constraint</indexState>
<isSurrogateKey>false</isSurrogateKey>
<indexColumnUsage>
<colUsage columnID="FD942C3F-2003-A170-13B1-CC0A351F9DD4"/>
</indexColumnUsage>
</ind_PK_UK>
<ind_PK_UK id="0FAF672D-48B9-B96C-A6BF-3AB614494203" name="tblClothes_tblCategory_FK">
<createdBy>VVerc</createdBy>
<createdTime>2022-09-25 12:00:18 UTC</createdTime>
<ownerDesignName>lab2</ownerDesignName>
<indexState>Foreign Key</indexState>
<isSurrogateKey>false</isSurrogateKey>
<indexColumnUsage>
<colUsage columnID="8C4C80CF-0656-478B-BE7D-0D834F5D61D6"/>
</indexColumnUsage>
</ind_PK_UK>
</indexes>
</Table>