<?xml version = '1.0' encoding = 'UTF-8'?>
<Table class="oracle.dbtools.crest.model.design.relational.Table" directorySegmentName="seg_0" id="89282107-C979-038D-E761-4C17413F05DB" name="tblFitnessAccessories">
<createdBy>VVerc</createdBy>
<createdTime>2022-09-25 12:08:49 UTC</createdTime>
<ownerDesignName>lab2</ownerDesignName>
<ordsAlias>table_7</ordsAlias>
<allowColumnReorder>false</allowColumnReorder>
<existDependencyGenerateInDDl>true</existDependencyGenerateInDDl>
<parsed>true</parsed>
<columns itemClass="oracle.dbtools.crest.model.design.relational.Column">
<Column name="fitnessAccessoryID" id="CB7EE7CB-50AF-79E8-6B92-41FBE937A865">
<createdBy>VVerc</createdBy>
<createdTime>2022-09-25 12:10:16 UTC</createdTime>
<ownerDesignName>lab2</ownerDesignName>
<useDomainConstraints>false</useDomainConstraints>
<use>1</use>
<logicalDatatype>LOGDT011</logicalDatatype>
<ownDataTypeParameters>,,</ownDataTypeParameters>
<autoIncrementCycle>false</autoIncrementCycle>
</Column>
<Column name="material" id="5CB647EB-7169-80E4-A02F-D09E3396671E">
<createdBy>VVerc</createdBy>
<createdTime>2022-09-25 12:10:16 UTC</createdTime>
<ownerDesignName>lab2</ownerDesignName>
<useDomainConstraints>false</useDomainConstraints>
<use>1</use>
<logicalDatatype>LOGDT024</logicalDatatype>
<dataTypeSize>30</dataTypeSize>
<ownDataTypeParameters>30,,</ownDataTypeParameters>
<autoIncrementCycle>false</autoIncrementCycle>
</Column>
<Column name="tblCategory_categoryID" id="06CD9E2F-89B2-010C-8145-CE06892012C6">
<createdBy>VVerc</createdBy>
<createdTime>2022-09-25 12:10:25 UTC</createdTime>
<ownerDesignName>lab2</ownerDesignName>
<useDomainConstraints>false</useDomainConstraints>
<use>1</use>
<logicalDatatype>LOGDT011</logicalDatatype>
<ownDataTypeParameters>,,</ownDataTypeParameters>
<previousColumn>false</previousColumn>
<autoIncrementCycle>false</autoIncrementCycle>
<associations>
<colAssociation fkAssociation="43F7D2FC-D04B-1458-22FE-7815350F0F71" referredColumn="01BA871C-E747-0688-DD0E-17ED00E13BD5"/>
</associations>
</Column>
</columns>
<indexes itemClass="oracle.dbtools.crest.model.design.relational.Index">
<ind_PK_UK id="9627F686-6216-5946-A282-DDFD153DEB06" name="tblFitnessAccessories_PK">
<createdBy>VVerc</createdBy>
<createdTime>2022-09-25 12:10:16 UTC</createdTime>
<ownerDesignName>lab2</ownerDesignName>
<pk>true</pk>
<indexState>Primary Constraint</indexState>
<isSurrogateKey>false</isSurrogateKey>
<indexColumnUsage>
<colUsage columnID="CB7EE7CB-50AF-79E8-6B92-41FBE937A865"/>
</indexColumnUsage>
</ind_PK_UK>
<ind_PK_UK id="5A612AE7-1803-F75F-B57F-7BF4EEC3B629" name="tblFitnessAccessories_tblCategory_FK">
<createdBy>VVerc</createdBy>
<createdTime>2022-09-25 12:10:25 UTC</createdTime>
<ownerDesignName>lab2</ownerDesignName>
<indexState>Foreign Key</indexState>
<isSurrogateKey>false</isSurrogateKey>
<indexColumnUsage>
<colUsage columnID="06CD9E2F-89B2-010C-8145-CE06892012C6"/>
</indexColumnUsage>
</ind_PK_UK>
</indexes>
</Table>