<?xml version = '1.0' encoding = 'UTF-8'?>
<Table class="oracle.dbtools.crest.model.design.relational.Table" directorySegmentName="seg_0" id="965B432B-B51A-D0DC-6E41-D39EB692D331" name="tblBalls">
<createdBy>VVerc</createdBy>
<createdTime>2022-09-25 12:11:15 UTC</createdTime>
<ownerDesignName>lab2</ownerDesignName>
<ordsAlias>table_8</ordsAlias>
<allowColumnReorder>false</allowColumnReorder>
<existDependencyGenerateInDDl>true</existDependencyGenerateInDDl>
<parsed>true</parsed>
<columns itemClass="oracle.dbtools.crest.model.design.relational.Column">
<Column name="ballID" id="B52EB971-39D4-C6AF-37E4-400DA59A4654">
<createdBy>VVerc</createdBy>
<createdTime>2022-09-25 12:12:06 UTC</createdTime>
<ownerDesignName>lab2</ownerDesignName>
<useDomainConstraints>false</useDomainConstraints>
<use>1</use>
<logicalDatatype>LOGDT011</logicalDatatype>
<ownDataTypeParameters>,,</ownDataTypeParameters>
<autoIncrementCycle>false</autoIncrementCycle>
</Column>
<Column name="diameter" id="B01F5912-5048-2721-DD91-3AE6F4A6C3DB">
<createdBy>VVerc</createdBy>
<createdTime>2022-09-25 12:12:06 UTC</createdTime>
<ownerDesignName>lab2</ownerDesignName>
<useDomainConstraints>false</useDomainConstraints>
<use>1</use>
<logicalDatatype>LOGDT011</logicalDatatype>
<ownDataTypeParameters>,,</ownDataTypeParameters>
<autoIncrementCycle>false</autoIncrementCycle>
</Column>
<Column name="tblCategory_categoryID" id="3D2F6CA6-9F86-3588-72E7-7CA76DC78C63">
<createdBy>VVerc</createdBy>
<createdTime>2022-09-25 12:12:16 UTC</createdTime>
<ownerDesignName>lab2</ownerDesignName>
<useDomainConstraints>false</useDomainConstraints>
<use>1</use>
<logicalDatatype>LOGDT011</logicalDatatype>
<ownDataTypeParameters>,,</ownDataTypeParameters>
<previousColumn>false</previousColumn>
<autoIncrementCycle>false</autoIncrementCycle>
<associations>
<colAssociation fkAssociation="74924B31-29A5-3032-800D-B97BFD3A19B2" referredColumn="01BA871C-E747-0688-DD0E-17ED00E13BD5"/>
</associations>
</Column>
</columns>
<indexes itemClass="oracle.dbtools.crest.model.design.relational.Index">
<ind_PK_UK id="5EA1494B-1F53-7F5C-7F92-0C574A8CBEFD" name="tblBalls_PK">
<createdBy>VVerc</createdBy>
<createdTime>2022-09-25 12:12:06 UTC</createdTime>
<ownerDesignName>lab2</ownerDesignName>
<pk>true</pk>
<indexState>Primary Constraint</indexState>
<isSurrogateKey>false</isSurrogateKey>
<indexColumnUsage>
<colUsage columnID="B52EB971-39D4-C6AF-37E4-400DA59A4654"/>
</indexColumnUsage>
</ind_PK_UK>
<ind_PK_UK id="7D150564-47AF-BCB2-7A53-CB502BCE88A1" name="tblBalls_tblCategory_FK">
<createdBy>VVerc</createdBy>
<createdTime>2022-09-25 12:12:16 UTC</createdTime>
<ownerDesignName>lab2</ownerDesignName>
<indexState>Foreign Key</indexState>
<isSurrogateKey>false</isSurrogateKey>
<indexColumnUsage>
<colUsage columnID="3D2F6CA6-9F86-3588-72E7-7CA76DC78C63"/>
</indexColumnUsage>
</ind_PK_UK>
</indexes>
</Table>