<?xml version = '1.0' encoding = 'UTF-8'?>
<Table class="oracle.dbtools.crest.model.design.relational.Table" directorySegmentName="seg_0" id="AB13E0D2-6600-F33D-1FE1-FE93373515F4" name="tblSportGadgets">
<createdBy>VVerc</createdBy>
<createdTime>2022-09-25 12:05:49 UTC</createdTime>
<ownerDesignName>lab2</ownerDesignName>
<ordsAlias>table_6</ordsAlias>
<allowColumnReorder>false</allowColumnReorder>
<existDependencyGenerateInDDl>true</existDependencyGenerateInDDl>
<parsed>true</parsed>
<columns itemClass="oracle.dbtools.crest.model.design.relational.Column">
<Column name="sportGadgetID" id="7935329F-46CB-6510-8C9A-0415772D378B">
<createdBy>VVerc</createdBy>
<createdTime>2022-09-25 12:07:22 UTC</createdTime>
<ownerDesignName>lab2</ownerDesignName>
<useDomainConstraints>false</useDomainConstraints>
<use>1</use>
<logicalDatatype>LOGDT011</logicalDatatype>
<ownDataTypeParameters>,,</ownDataTypeParameters>
<autoIncrementCycle>false</autoIncrementCycle>
</Column>
<Column name="uniqueNumber" id="6031C56C-7356-4FAD-EA54-A348B7F985EC">
<createdBy>VVerc</createdBy>
<createdTime>2022-09-25 12:07:22 UTC</createdTime>
<ownerDesignName>lab2</ownerDesignName>
<useDomainConstraints>false</useDomainConstraints>
<use>1</use>
<logicalDatatype>LOGDT027</logicalDatatype>
<ownDataTypeParameters>,,</ownDataTypeParameters>
<autoIncrementCycle>false</autoIncrementCycle>
</Column>
<Column name="guaranteePeriod" id="105DA1C6-AA06-4F8E-139C-A254A9FB77AC">
<createdBy>VVerc</createdBy>
<createdTime>2022-09-25 12:07:22 UTC</createdTime>
<ownerDesignName>lab2</ownerDesignName>
<useDomainConstraints>false</useDomainConstraints>
<use>1</use>
<logicalDatatype>LOGDT011</logicalDatatype>
<ownDataTypeParameters>,,</ownDataTypeParameters>
<autoIncrementCycle>false</autoIncrementCycle>
</Column>
<Column name="tblCategory_categoryID" id="9252D072-DF04-0325-BAF7-955BA680F7A7">
<createdBy>VVerc</createdBy>
<createdTime>2022-09-25 12:07:34 UTC</createdTime>
<ownerDesignName>lab2</ownerDesignName>
<useDomainConstraints>false</useDomainConstraints>
<use>1</use>
<logicalDatatype>LOGDT011</logicalDatatype>
<ownDataTypeParameters>,,</ownDataTypeParameters>
<previousColumn>false</previousColumn>
<autoIncrementCycle>false</autoIncrementCycle>
<associations>
<colAssociation fkAssociation="8C462880-8A98-04B9-74D6-21DD687183A9" referredColumn="01BA871C-E747-0688-DD0E-17ED00E13BD5"/>
</associations>
</Column>
</columns>
<indexes itemClass="oracle.dbtools.crest.model.design.relational.Index">
<ind_PK_UK id="4AB10042-4E27-1519-B765-6F7543EDE995" name="tblSportGadgets_PK">
<createdBy>VVerc</createdBy>
<createdTime>2022-09-25 12:07:22 UTC</createdTime>
<ownerDesignName>lab2</ownerDesignName>
<pk>true</pk>
<indexState>Primary Constraint</indexState>
<isSurrogateKey>false</isSurrogateKey>
<indexColumnUsage>
<colUsage columnID="7935329F-46CB-6510-8C9A-0415772D378B"/>
</indexColumnUsage>
</ind_PK_UK>
<ind_PK_UK id="06908899-0435-227B-2A76-DDCB9B7AF9F5" name="tblSportGadgets_tblCategory_FK">
<createdBy>VVerc</createdBy>
<createdTime>2022-09-25 12:07:34 UTC</createdTime>
<ownerDesignName>lab2</ownerDesignName>
<indexState>Foreign Key</indexState>
<isSurrogateKey>false</isSurrogateKey>
<indexColumnUsage>
<colUsage columnID="9252D072-DF04-0325-BAF7-955BA680F7A7"/>
</indexColumnUsage>
</ind_PK_UK>
</indexes>
</Table>