<?xml version = '1.0' encoding = 'UTF-8'?>
<Table class="oracle.dbtools.crest.model.design.relational.Table" directorySegmentName="seg_0" id="D762D296-7E79-FAE9-B144-82E52629E8FB" name="tblCategory">
<createdBy>VVerc</createdBy>
<createdTime>2022-09-25 10:11:51 UTC</createdTime>
<ownerDesignName>lab2</ownerDesignName>
<ordsAlias>table_2</ordsAlias>
<allowColumnReorder>false</allowColumnReorder>
<existDependencyGenerateInDDl>true</existDependencyGenerateInDDl>
<parsed>true</parsed>
<columns itemClass="oracle.dbtools.crest.model.design.relational.Column">
<Column name="categoryID" id="01BA871C-E747-0688-DD0E-17ED00E13BD5">
<createdBy>VVerc</createdBy>
<createdTime>2022-09-25 10:14:10 UTC</createdTime>
<ownerDesignName>lab2</ownerDesignName>
<useDomainConstraints>false</useDomainConstraints>
<use>1</use>
<logicalDatatype>LOGDT011</logicalDatatype>
<ownDataTypeParameters>,,</ownDataTypeParameters>
<autoIncrementCycle>false</autoIncrementCycle>
</Column>
<Column name="categoryName" id="CD747A7A-9230-A3E9-9394-E8FD6A8A191A">
<createdBy>VVerc</createdBy>
<createdTime>2022-09-25 10:14:10 UTC</createdTime>
<ownerDesignName>lab2</ownerDesignName>
<useDomainConstraints>false</useDomainConstraints>
<use>1</use>
<logicalDatatype>LOGDT024</logicalDatatype>
<dataTypeSize>30</dataTypeSize>
<ownDataTypeParameters>30,,</ownDataTypeParameters>
<autoIncrementCycle>false</autoIncrementCycle>
</Column>
</columns>
<indexes itemClass="oracle.dbtools.crest.model.design.relational.Index">
<ind_PK_UK id="A6EBBF89-3DAA-4286-39B7-8565F27A999D" name="tblCategory_PK">
<createdBy>VVerc</createdBy>
<createdTime>2022-09-25 10:14:10 UTC</createdTime>
<ownerDesignName>lab2</ownerDesignName>
<pk>true</pk>
<indexState>Primary Constraint</indexState>
<isSurrogateKey>false</isSurrogateKey>
<indexColumnUsage>
<colUsage columnID="01BA871C-E747-0688-DD0E-17ED00E13BD5"/>
</indexColumnUsage>
</ind_PK_UK>
</indexes>
</Table>