<?xml version = '1.0' encoding = 'UTF-8'?>
<Table class="oracle.dbtools.crest.model.design.relational.Table" directorySegmentName="seg_0" id="F5AFD59A-7BC6-3E79-14A6-2194EA544864" name="tblSales">
<createdBy>VVerc</createdBy>
<createdTime>2022-09-25 12:13:15 UTC</createdTime>
<ownerDesignName>lab2</ownerDesignName>
<ordsAlias>table_9</ordsAlias>
<allowColumnReorder>false</allowColumnReorder>
<existDependencyGenerateInDDl>true</existDependencyGenerateInDDl>
<parsed>true</parsed>
<columns itemClass="oracle.dbtools.crest.model.design.relational.Column">
<Column name="saleID" id="0D867E15-A540-1D0E-DAFD-886DF0A54667">
<createdBy>VVerc</createdBy>
<createdTime>2022-09-25 12:15:02 UTC</createdTime>
<ownerDesignName>lab2</ownerDesignName>
<useDomainConstraints>false</useDomainConstraints>
<use>1</use>
<logicalDatatype>LOGDT011</logicalDatatype>
<ownDataTypeParameters>,,</ownDataTypeParameters>
<autoIncrementCycle>false</autoIncrementCycle>
</Column>
<Column name="saleDate" id="0D3D32E4-3DF6-8025-D9C8-C9FBEA6B0128">
<createdBy>VVerc</createdBy>
<createdTime>2022-09-25 12:15:02 UTC</createdTime>
<ownerDesignName>lab2</ownerDesignName>
<useDomainConstraints>false</useDomainConstraints>
<use>1</use>
<logicalDatatype>LOGDT008</logicalDatatype>
<ownDataTypeParameters>,,</ownDataTypeParameters>
<autoIncrementCycle>false</autoIncrementCycle>
</Column>
<Column name="numberOfSoldProducts" id="5CFF919C-2453-591F-99EB-49E7077905E8">
<createdBy>VVerc</createdBy>
<createdTime>2022-09-25 12:15:02 UTC</createdTime>
<ownerDesignName>lab2</ownerDesignName>
<useDomainConstraints>false</useDomainConstraints>
<use>1</use>
<logicalDatatype>LOGDT011</logicalDatatype>
<ownDataTypeParameters>,,</ownDataTypeParameters>
<autoIncrementCycle>false</autoIncrementCycle>
</Column>
<Column name="tblProducts_productID" id="3491229C-C9D2-62E3-3DA9-74A82A018A16">
<createdBy>VVerc</createdBy>
<createdTime>2022-09-25 12:15:15 UTC</createdTime>
<ownerDesignName>lab2</ownerDesignName>
<useDomainConstraints>false</useDomainConstraints>
<use>1</use>
<logicalDatatype>LOGDT011</logicalDatatype>
<ownDataTypeParameters>,,</ownDataTypeParameters>
<previousColumn>false</previousColumn>
<autoIncrementCycle>false</autoIncrementCycle>
<associations>
<colAssociation fkAssociation="D857106B-9300-6F3E-A81F-73A26312AE41" referredColumn="1461E8F7-6B78-F1D4-97C8-2B7BCC790C87"/>
</associations>
</Column>
<Column name="tblShops_shopID" id="BBF8C6B4-843A-B807-ECE3-3E6D947D306B">
<createdBy>VVerc</createdBy>
<createdTime>2022-09-25 12:17:00 UTC</createdTime>
<ownerDesignName>lab2</ownerDesignName>
<useDomainConstraints>false</useDomainConstraints>
<use>1</use>
<logicalDatatype>LOGDT011</logicalDatatype>
<ownDataTypeParameters>,,</ownDataTypeParameters>
<previousColumn>false</previousColumn>
<autoIncrementCycle>false</autoIncrementCycle>
<associations>
<colAssociation fkAssociation="117F3166-3BFB-9FED-405A-4FFF291A686C" referredColumn="646EAD09-F603-EC58-1932-ADAB7153CE14"/>
</associations>
</Column>
</columns>
<indexes itemClass="oracle.dbtools.crest.model.design.relational.Index">
<ind_PK_UK id="3DCE6248-61FA-7D87-AEDE-60935192CE4A" name="tblSales_PK">
<createdBy>VVerc</createdBy>
<createdTime>2022-09-25 12:15:02 UTC</createdTime>
<ownerDesignName>lab2</ownerDesignName>
<pk>true</pk>
<indexState>Primary Constraint</indexState>
<isSurrogateKey>false</isSurrogateKey>
<indexColumnUsage>
<colUsage columnID="0D867E15-A540-1D0E-DAFD-886DF0A54667"/>
</indexColumnUsage>
</ind_PK_UK>
<ind_PK_UK id="949CACEB-B661-1C1B-8D88-89246B6617F1" name="tblSales_tblProducts_FK">
<createdBy>VVerc</createdBy>
<createdTime>2022-09-25 12:15:14 UTC</createdTime>
<ownerDesignName>lab2</ownerDesignName>
<indexState>Foreign Key</indexState>
<isSurrogateKey>false</isSurrogateKey>
<indexColumnUsage>
<colUsage columnID="3491229C-C9D2-62E3-3DA9-74A82A018A16"/>
</indexColumnUsage>
</ind_PK_UK>
<ind_PK_UK id="EFB1F315-BF42-E5B4-69AD-95415233CC41" name="tblSales_tblShops_FK">
<createdBy>VVerc</createdBy>
<createdTime>2022-09-25 12:17:00 UTC</createdTime>
<ownerDesignName>lab2</ownerDesignName>
<indexState>Foreign Key</indexState>
<isSurrogateKey>false</isSurrogateKey>
<indexColumnUsage>
<colUsage columnID="BBF8C6B4-843A-B807-ECE3-3E6D947D306B"/>
</indexColumnUsage>
</ind_PK_UK>
</indexes>
</Table>