<?xml version = '1.0' encoding = 'UTF-8'?>
<Diagram class="oracle.dbtools.crest.swingui.logical.DPVLogical" name="Logical" id="0AB22B1F-B3CA-97F8-086B-E5F2325BFFE0">
<createdBy>VVerc</createdBy>
<modifiedBy>VVerc</modifiedBy>
<createdTime>2022-09-10 06:41:54 UTC</createdTime>
<autoRoute>false</autoRoute>
<boxInbox>true</boxInbox>
<showLegend>false</showLegend>
<showLabels>true</showLabels>
<showRelAttributes>false</showRelAttributes>
<gridEnabled>false</gridEnabled>
<showGrid>false</showGrid>
<diagramColor>-1</diagramColor>
<display>false</display>
<notation>1</notation>
<objectViews>
<OView class="oracle.dbtools.crest.swingui.logical.TVEntity" oid="03C41D13-9A26-0353-082B-5BF3A6D305AF" otype="Entity" vid="34EE8DB5-2AD1-E3A4-5936-1FE93B988CBA">
<hideElementsInCurrentOnly>false</hideElementsInCurrentOnly>
<bounds x="360" y="2270" width="170" height="110"/>
</OView>
<OView class="oracle.dbtools.crest.swingui.logical.TVEntity" oid="2224859D-7336-6F04-A843-B484F6D7BAC6" otype="Entity" vid="0B9CDF1C-F5C2-63A5-1C61-423B5AC8A908">
<hideElementsInCurrentOnly>false</hideElementsInCurrentOnly>
<bounds x="1011" y="2528" width="128" height="100"/>
</OView>
<OView class="oracle.dbtools.crest.swingui.logical.TVEntity" oid="2D1C3AF5-9C6F-6D20-3571-16F0B7371E82" otype="Entity" vid="037D1D8C-AEB2-B672-368B-10A2ED2219DC">
<hideElementsInCurrentOnly>false</hideElementsInCurrentOnly>
<bounds x="609" y="136" width="240" height="181"/>
</OView>
<OView class="oracle.dbtools.crest.swingui.logical.TVEntity" oid="50AA781E-05A1-4858-8640-BB18895479D3" otype="Entity" vid="8E1C6EF9-9426-2DD2-0195-39D7080CDBBC">
<hideElementsInCurrentOnly>false</hideElementsInCurrentOnly>
<bounds x="715" y="1564" width="208" height="144"/>
</OView>
<OView class="oracle.dbtools.crest.swingui.logical.TVEntity" oid="5C6880D9-9C52-13DC-4F14-EE1DCABD6F47" otype="Entity" vid="80FE369A-0197-36BB-F812-E1D360C7F9C0">
<hideElementsInCurrentOnly>false</hideElementsInCurrentOnly>
<bounds x="282" y="1565" width="169" height="255"/>
</OView>
<OView class="oracle.dbtools.crest.swingui.logical.TVEntity" oid="64047373-5FE0-3F6E-ED42-917F25C766AA" otype="Entity" vid="03194016-0671-79C6-E572-0ECF92D5DD87">
<hideElementsInCurrentOnly>false</hideElementsInCurrentOnly>
<bounds x="284" y="1263" width="199" height="156"/>
</OView>
<OView class="oracle.dbtools.crest.swingui.logical.TVEntity" oid="65E75B83-5F34-D889-E9AA-561529B23B08" otype="Entity" vid="17979114-2B70-2A06-E64B-E93C3C2508EA">
<hideElementsInCurrentOnly>false</hideElementsInCurrentOnly>
<bounds x="223" y="696" width="217" height="176"/>
</OView>
<OView class="oracle.dbtools.crest.swingui.logical.TVEntity" oid="6FF3064D-CAA4-903B-975C-26F0052BC17D" otype="Entity" vid="CE1A097E-7A6E-8265-0F24-993233D2FB46">
<hideElementsInCurrentOnly>false</hideElementsInCurrentOnly>
<bounds x="182" y="2531" width="136" height="99"/>
</OView>
<OView class="oracle.dbtools.crest.swingui.logical.TVEntity" oid="70E44A0A-3B43-26C4-D4F9-13B79B28B016" otype="Entity" vid="7FF4A39F-23AA-CCEA-C386-3EF92B46D05B">
<hideElementsInCurrentOnly>false</hideElementsInCurrentOnly>
<bounds x="466" y="2532" width="135" height="100"/>
</OView>
<OView class="oracle.dbtools.crest.swingui.logical.TVEntity" oid="746CFD26-72A0-949C-29D1-F7D2317DE1B7" otype="Entity" vid="05D3E506-3A91-6CCB-E892-F8CB931BC588">
<hideElementsInCurrentOnly>false</hideElementsInCurrentOnly>
<bounds x="751" y="686" width="268" height="200"/>
</OView>
<OView class="oracle.dbtools.crest.swingui.logical.TVEntity" oid="9E123AF1-6C63-5E2F-7897-ABACE4FCA662" otype="Entity" vid="FB9A1909-BE1C-FA97-13B9-D12ED25A5C6B">
<hideElementsInCurrentOnly>false</hideElementsInCurrentOnly>
<bounds x="221" y="461" width="208" height="155"/>
</OView>
<OView class="oracle.dbtools.crest.swingui.logical.TVEntity" oid="B27BDF33-860F-742C-CDD5-7F55F2CEE000" otype="Entity" vid="58BD77FB-158F-502B-7A54-C73A7AF71906">
<hideElementsInCurrentOnly>false</hideElementsInCurrentOnly>
<bounds x="722" y="1737" width="197" height="110"/>
</OView>
<OView class="oracle.dbtools.crest.swingui.logical.TVEntity" oid="B658D3C4-7601-2D76-30B4-6B0AD9B6D96B" otype="Entity" vid="D570F1DB-4F41-A548-A6E1-2F028AF10FDF">
<hideElementsInCurrentOnly>false</hideElementsInCurrentOnly>
<bounds x="335" y="2186" width="498" height="204"/>
</OView>
<OView class="oracle.dbtools.crest.swingui.logical.TVEntity" oid="C084D31A-B42A-6C2C-80CA-2D1011E1457A" otype="Entity" vid="A378D42D-A1D6-6E67-70F4-A93C8CE294CF">
<hideElementsInCurrentOnly>false</hideElementsInCurrentOnly>
<bounds x="703" y="1256" width="216" height="171"/>
</OView>
<OView class="oracle.dbtools.crest.swingui.logical.TVEntity" oid="D91A1DDC-B17B-409F-5252-3D317544FA7F" otype="Entity" vid="4126CB69-2860-4446-59D7-C82A78288273">
<hideElementsInCurrentOnly>false</hideElementsInCurrentOnly>
<bounds x="756" y="967" width="254" height="184"/>
</OView>
<OView class="oracle.dbtools.crest.swingui.logical.TVEntity" oid="DAFC9EB6-CF52-2111-EE05-E48658E58972" otype="Entity" vid="57A41506-A7CE-6AB5-B7DD-5DC71CD8FDEB">
<hideElementsInCurrentOnly>false</hideElementsInCurrentOnly>
<bounds x="204" y="137" width="234" height="171"/>
</OView>
<OView class="oracle.dbtools.crest.swingui.logical.TVEntity" oid="DD66857A-4F85-116F-E766-3A8EC3556708" otype="Entity" vid="34F66430-0509-4E78-7C87-AE2231F20329">
<hideElementsInCurrentOnly>false</hideElementsInCurrentOnly>
<bounds x="463" y="1919" width="278" height="146"/>
</OView>
<OView class="oracle.dbtools.crest.swingui.logical.TVEntity" oid="E308FFD9-E760-7F1F-57FB-6799CC2165F4" otype="Entity" vid="EA5137A4-71AB-5B7A-4D73-E147EA51E471">
<hideElementsInCurrentOnly>false</hideElementsInCurrentOnly>
<bounds x="627" y="458" width="242" height="165"/>
</OView>
<OView class="oracle.dbtools.crest.swingui.logical.TVEntity" oid="EEB3D33C-F7F2-0D78-9DE7-E6E849D58B1A" otype="Entity" vid="F16DAA3F-D6EA-C0CF-3CB3-7D2675ACAFE6">
<hideElementsInCurrentOnly>false</hideElementsInCurrentOnly>
<bounds x="586" y="2270" width="170" height="110"/>
</OView>
<OView class="oracle.dbtools.crest.swingui.logical.TVEntity" oid="F73B4718-8605-32EA-B6F2-C5934A446BD9" otype="Entity" vid="57EC1900-C0A5-A9DB-2F29-5C35890B852A">
<hideElementsInCurrentOnly>false</hideElementsInCurrentOnly>
<bounds x="228" y="2745" width="99" height="194"/>
</OView>
<OView class="oracle.dbtools.crest.swingui.logical.TVEntity" oid="FB134891-2AA5-B7C1-40CD-7EF3CAAA1870" otype="Entity" vid="AA1DA390-7C6C-6C6B-5B33-3353D452E18E">
<hideElementsInCurrentOnly>false</hideElementsInCurrentOnly>
<bounds x="730" y="2533" width="132" height="99"/>
</OView>
</objectViews>
<connectors>
<Connector class="oracle.dbtools.crest.swingui.logical.TVRelation" oid="1054F590-1A1B-9D06-A972-DF56FC51A70F" otype="Relation" vid_source="80FE369A-0197-36BB-F812-E1D360C7F9C0" vid_target="8E1C6EF9-9426-2DD2-0195-39D7080CDBBC">
<hideElementsInCurrentOnly>false</hideElementsInCurrentOnly>
<backgroundColor>-16777216</backgroundColor>
<lineWidth>1</lineWidth>
<sourceLabel class="oracle.dbtools.crest.model.design.Label">
<site>0</site>
<labelBounds x="461" y="1606" width="60" height="30"/>
<noBackgroundColor>true</noBackgroundColor>
<noForegroundColor>true</noForegroundColor>
</sourceLabel>
<targetLabel class="oracle.dbtools.crest.model.design.Label">
<site>2</site>
<labelBounds x="675" y="1639" width="34" height="30"/>
<noBackgroundColor>true</noBackgroundColor>
<noForegroundColor>true</noForegroundColor>
</targetLabel>
<points>
<point x="451" y="1636"/>
<point x="715" y="1636"/>
</points>
</Connector>
<Connector class="oracle.dbtools.crest.swingui.logical.TVRelation" oid="45DCDA65-F7F4-49C4-8604-25161F68858F" otype="Relation" vid_source="AA1DA390-7C6C-6C6B-5B33-3353D452E18E" vid_target="0B9CDF1C-F5C2-63A5-1C61-423B5AC8A908">
<hideElementsInCurrentOnly>false</hideElementsInCurrentOnly>
<backgroundColor>-16777216</backgroundColor>
<lineWidth>1</lineWidth>
<sourceLabel class="oracle.dbtools.crest.model.design.Label">
<site>0</site>
<labelBounds x="872" y="2550" width="82" height="30"/>
<noBackgroundColor>true</noBackgroundColor>
<noForegroundColor>true</noForegroundColor>
</sourceLabel>
<targetLabel class="oracle.dbtools.crest.model.design.Label">
<site>2</site>
<labelBounds x="921" y="2583" width="84" height="30"/>
<noBackgroundColor>true</noBackgroundColor>
<noForegroundColor>true</noForegroundColor>
</targetLabel>
<points>
<point x="862" y="2580"/>
<point x="1011" y="2580"/>
</points>
</Connector>
<Connector class="oracle.dbtools.crest.swingui.logical.TVRelation" oid="4C09AE40-56E5-CF0A-DD05-7977E6D2CDB6" otype="Relation" vid_source="57EC1900-C0A5-A9DB-2F29-5C35890B852A" vid_target="57EC1900-C0A5-A9DB-2F29-5C35890B852A">
<hideElementsInCurrentOnly>false</hideElementsInCurrentOnly>
<backgroundColor>-16777216</backgroundColor>
<lineWidth>1</lineWidth>
<sourceLabel class="oracle.dbtools.crest.model.design.Label">
<site>0</site>
<labelBounds x="352" y="2844" width="74" height="30"/>
<noBackgroundColor>true</noBackgroundColor>
<noForegroundColor>true</noForegroundColor>
</sourceLabel>
<targetLabel class="oracle.dbtools.crest.model.design.Label">
<site>2</site>
<labelBounds x="286" y="2951" width="87" height="30"/>
<noBackgroundColor>true</noBackgroundColor>
<noForegroundColor>true</noForegroundColor>
</targetLabel>
<points>
<point x="327" y="2859"/>
<point x="352" y="2859"/>
<point x="352" y="2964"/>
<point x="286" y="2964"/>
<point x="286" y="2939"/>
</points>
</Connector>
<Connector class="oracle.dbtools.crest.swingui.logical.TVRelation" oid="8AD9FDCE-DDB4-3669-DD26-E6D6D90914A8" otype="Relation" vid_source="03194016-0671-79C6-E572-0ECF92D5DD87" vid_target="A378D42D-A1D6-6E67-70F4-A93C8CE294CF">
<hideElementsInCurrentOnly>false</hideElementsInCurrentOnly>
<backgroundColor>-16777216</backgroundColor>
<lineWidth>1</lineWidth>
<sourceLabel class="oracle.dbtools.crest.model.design.Label">
<site>0</site>
<labelBounds x="493" y="1311" width="56" height="30"/>
<noBackgroundColor>true</noBackgroundColor>
<noForegroundColor>true</noForegroundColor>
</sourceLabel>
<targetLabel class="oracle.dbtools.crest.model.design.Label">
<site>2</site>
<labelBounds x="653" y="1344" width="44" height="30"/>
<noBackgroundColor>true</noBackgroundColor>
<noForegroundColor>true</noForegroundColor>
</targetLabel>
<points>
<point x="483" y="1341"/>
<point x="703" y="1341"/>
</points>
</Connector>
<Connector class="oracle.dbtools.crest.swingui.logical.TVRelation" oid="969C3409-2248-B2B2-FEB7-4AD69E596175" otype="Relation" vid_source="17979114-2B70-2A06-E64B-E93C3C2508EA" vid_target="4126CB69-2860-4446-59D7-C82A78288273">
<hideElementsInCurrentOnly>false</hideElementsInCurrentOnly>
<backgroundColor>-16777216</backgroundColor>
<lineWidth>1</lineWidth>
<sourceLabel class="oracle.dbtools.crest.model.design.Label">
<site>0</site>
<labelBounds x="303" y="908" width="56" height="30"/>
<noBackgroundColor>true</noBackgroundColor>
<noForegroundColor>true</noForegroundColor>
</sourceLabel>
<targetLabel class="oracle.dbtools.crest.model.design.Label">
<site>2</site>
<labelBounds x="682" y="1025" width="68" height="30"/>
<noBackgroundColor>true</noBackgroundColor>
<noForegroundColor>true</noForegroundColor>
</targetLabel>
<points>
<point x="303" y="872"/>
<point x="303" y="1022"/>
<point x="756" y="1022"/>
</points>
</Connector>
<Connector class="oracle.dbtools.crest.swingui.logical.TVRelation" oid="99687040-86A8-41E1-080E-A7168066F6F8" otype="Relation" vid_source="57A41506-A7CE-6AB5-B7DD-5DC71CD8FDEB" vid_target="037D1D8C-AEB2-B672-368B-10A2ED2219DC">
<hideElementsInCurrentOnly>false</hideElementsInCurrentOnly>
<backgroundColor>-16777216</backgroundColor>
<lineWidth>1</lineWidth>
<sourceLabel class="oracle.dbtools.crest.model.design.Label">
<site>0</site>
<labelBounds x="448" y="192" width="68" height="30"/>
<noBackgroundColor>true</noBackgroundColor>
<noForegroundColor>true</noForegroundColor>
</sourceLabel>
<targetLabel class="oracle.dbtools.crest.model.design.Label">
<site>2</site>
<labelBounds x="520" y="225" width="83" height="30"/>
<noBackgroundColor>true</noBackgroundColor>
<noForegroundColor>true</noForegroundColor>
</targetLabel>
<points>
<point x="438" y="222"/>
<point x="609" y="222"/>
</points>
</Connector>
<Connector class="oracle.dbtools.crest.swingui.logical.TVRelation" oid="9DB9B036-7E7B-2104-FEB7-3FC70E3FD342" otype="Relation" vid_source="FB9A1909-BE1C-FA97-13B9-D12ED25A5C6B" vid_target="EA5137A4-71AB-5B7A-4D73-E147EA51E471">
<hideElementsInCurrentOnly>false</hideElementsInCurrentOnly>
<backgroundColor>-16777216</backgroundColor>
<lineWidth>1</lineWidth>
<sourceLabel class="oracle.dbtools.crest.model.design.Label">
<site>0</site>
<labelBounds x="439" y="508" width="67" height="30"/>
<noBackgroundColor>true</noBackgroundColor>
<noForegroundColor>true</noForegroundColor>
</sourceLabel>
<targetLabel class="oracle.dbtools.crest.model.design.Label">
<site>2</site>
<labelBounds x="563" y="541" width="58" height="30"/>
<noBackgroundColor>true</noBackgroundColor>
<noForegroundColor>true</noForegroundColor>
</targetLabel>
<points>
<point x="429" y="538"/>
<point x="627" y="538"/>
</points>
</Connector>
<Connector class="oracle.dbtools.crest.swingui.logical.TVRelation" oid="A7B1C4DD-BE88-BFE2-97B5-C0710D5648F3" otype="Relation" vid_source="7FF4A39F-23AA-CCEA-C386-3EF92B46D05B" vid_target="AA1DA390-7C6C-6C6B-5B33-3353D452E18E">
<hideElementsInCurrentOnly>false</hideElementsInCurrentOnly>
<backgroundColor>-16777216</backgroundColor>
<lineWidth>1</lineWidth>
<sourceLabel class="oracle.dbtools.crest.model.design.Label">
<site>0</site>
<labelBounds x="611" y="2552" width="85" height="30"/>
<noBackgroundColor>true</noBackgroundColor>
<noForegroundColor>true</noForegroundColor>
</sourceLabel>
<targetLabel class="oracle.dbtools.crest.model.design.Label">
<site>2</site>
<labelBounds x="640" y="2585" width="84" height="30"/>
<noBackgroundColor>true</noBackgroundColor>
<noForegroundColor>true</noForegroundColor>
</targetLabel>
<points>
<point x="601" y="2582"/>
<point x="730" y="2582"/>
</points>
</Connector>
<Connector class="oracle.dbtools.crest.swingui.logical.TVRelation" oid="AEB105A5-A008-FD4E-9924-BB3EB72CE7AB" otype="Relation" vid_source="17979114-2B70-2A06-E64B-E93C3C2508EA" vid_target="05D3E506-3A91-6CCB-E892-F8CB931BC588">
<hideElementsInCurrentOnly>false</hideElementsInCurrentOnly>
<backgroundColor>-16777216</backgroundColor>
<lineWidth>1</lineWidth>
<sourceLabel class="oracle.dbtools.crest.model.design.Label">
<site>0</site>
<labelBounds x="450" y="754" width="51" height="30"/>
<noBackgroundColor>true</noBackgroundColor>
<noForegroundColor>true</noForegroundColor>
</sourceLabel>
<targetLabel class="oracle.dbtools.crest.model.design.Label">
<site>2</site>
<labelBounds x="662" y="787" width="83" height="30"/>
<noBackgroundColor>true</noBackgroundColor>
<noForegroundColor>true</noForegroundColor>
</targetLabel>
<points>
<point x="440" y="784"/>
<point x="751" y="784"/>
</points>
</Connector>
<Connector class="oracle.dbtools.crest.swingui.logical.TVRelation" oid="B2BA3068-A92E-20CD-1802-660329120DFA" otype="Relation" vid_source="80FE369A-0197-36BB-F812-E1D360C7F9C0" vid_target="58BD77FB-158F-502B-7A54-C73A7AF71906">
<hideElementsInCurrentOnly>false</hideElementsInCurrentOnly>
<backgroundColor>-16777216</backgroundColor>
<lineWidth>1</lineWidth>
<sourceLabel class="oracle.dbtools.crest.model.design.Label">
<site>0</site>
<labelBounds x="461" y="1748" width="60" height="30"/>
<noBackgroundColor>true</noBackgroundColor>
<noForegroundColor>true</noForegroundColor>
</sourceLabel>
<targetLabel class="oracle.dbtools.crest.model.design.Label">
<site>2</site>
<labelBounds x="682" y="1781" width="34" height="30"/>
<noBackgroundColor>true</noBackgroundColor>
<noForegroundColor>true</noForegroundColor>
</targetLabel>
<points>
<point x="451" y="1778"/>
<point x="722" y="1778"/>
</points>
</Connector>
<Connector class="oracle.dbtools.crest.swingui.logical.TVRelation" oid="CF29BB1A-06AC-348F-0B02-B67224A0F887" otype="Relation" vid_source="34F66430-0509-4E78-7C87-AE2231F20329" vid_target="D570F1DB-4F41-A548-A6E1-2F028AF10FDF">
<hideElementsInCurrentOnly>false</hideElementsInCurrentOnly>
<backgroundColor>-16777216</backgroundColor>
<lineWidth>1</lineWidth>
<sourceLabel class="oracle.dbtools.crest.model.design.Label">
<site>0</site>
<labelBounds x="602" y="2101" width="48" height="30"/>
<noBackgroundColor>true</noBackgroundColor>
<noForegroundColor>true</noForegroundColor>
</sourceLabel>
<targetLabel class="oracle.dbtools.crest.model.design.Label">
<site>2</site>
<labelBounds x="602" y="2150" width="77" height="30"/>
<noBackgroundColor>true</noBackgroundColor>
<noForegroundColor>true</noForegroundColor>
</targetLabel>
<points>
<point x="602" y="2065"/>
<point x="602" y="2186"/>
</points>
</Connector>
<Connector class="oracle.dbtools.crest.swingui.logical.TVInheritanceRelation" oid="DF1BC7D6-8DC0-50B4-83EE-A8CAC370CD71" otype="Hierarchy relation" vid_source="D570F1DB-4F41-A548-A6E1-2F028AF10FDF" vid_target="F16DAA3F-D6EA-C0CF-3CB3-7D2675ACAFE6">
<hideElementsInCurrentOnly>false</hideElementsInCurrentOnly>
<backgroundColor>-65536</backgroundColor>
<lineWidth>1</lineWidth>
</Connector>
<Connector class="oracle.dbtools.crest.swingui.logical.TVInheritanceRelation" oid="E905F36F-F0E0-30E6-0D50-115DE0C8BE1A" otype="Hierarchy relation" vid_source="D570F1DB-4F41-A548-A6E1-2F028AF10FDF" vid_target="34EE8DB5-2AD1-E3A4-5936-1FE93B988CBA">
<hideElementsInCurrentOnly>false</hideElementsInCurrentOnly>
<backgroundColor>-65536</backgroundColor>
<lineWidth>1</lineWidth>
</Connector>
<Connector class="oracle.dbtools.crest.swingui.logical.TVRelation" oid="F74D0724-161B-EDAD-ACC5-D871DB6C6766" otype="Relation" vid_source="CE1A097E-7A6E-8265-0F24-993233D2FB46" vid_target="7FF4A39F-23AA-CCEA-C386-3EF92B46D05B">
<hideElementsInCurrentOnly>false</hideElementsInCurrentOnly>
<backgroundColor>-16777216</backgroundColor>
<lineWidth>1</lineWidth>
<sourceLabel class="oracle.dbtools.crest.model.design.Label">
<site>0</site>
<labelBounds x="328" y="2552" width="82" height="29"/>
<noBackgroundColor>true</noBackgroundColor>
<noForegroundColor>true</noForegroundColor>
</sourceLabel>
<targetLabel class="oracle.dbtools.crest.model.design.Label">
<site>2</site>
<labelBounds x="376" y="2584" width="84" height="30"/>
<noBackgroundColor>true</noBackgroundColor>
<noForegroundColor>true</noForegroundColor>
</targetLabel>
<points>
<point x="318" y="2581"/>
<point x="466" y="2581"/>
</points>
</Connector>
</connectors>
<arcs>
<Arc class="oracle.dbtools.crest.swingui.logical.TVArc" oid="B7BE5968-EA3F-1708-C941-51B93B50A9BD" otype="Arc" vid="576EFFF7-8ECA-95FB-FDFF-E61CA14AFF60">
<hideElementsInCurrentOnly>false</hideElementsInCurrentOnly>
<bounds x="262" y="1545" width="209" height="295"/>
</Arc>
</arcs>
</Diagram>