<?xml version = '1.0' encoding = 'UTF-8'?>
<FKIndexAssociation class="oracle.dbtools.crest.model.design.relational.FKIndexAssociation" directorySegmentName="seg_0" id="11D44513-8911-1685-D482-7DC2299D49E2" containerWithKeyObject="1A72286A-8FB2-6C4B-3436-3D95979BCEEC" localFKIndex="68C936AD-F8C1-525D-BC59-BF188AB08467" name="Employeev1_Employeev1_FK">
<createdBy>VVerc</createdBy>
<createdTime>2022-09-10 14:51:08 UTC</createdTime>
<ownerDesignName>lab1</ownerDesignName>
<referredTableLongName>Employeev1</referredTableLongName>
<deleteRule>NO ACTION</deleteRule>
<referredTableID>1A72286A-8FB2-6C4B-3436-3D95979BCEEC</referredTableID>
<keyObject>5EBC66E8-C204-D1A1-939A-07205F6F39F8</keyObject>
<referredKeyID>5EBC66E8-C204-D1A1-939A-07205F6F39F8</referredKeyID>
<mandatory>false</mandatory>
<refColNames>badge number</refColNames>
<transferable>true</transferable>
<rely>false</rely>
<columnDependencyConstraintGenerateInDDL>true</columnDependencyConstraintGenerateInDDL>
</FKIndexAssociation>