<?xml version = '1.0' encoding = 'UTF-8'?>
<FKIndexAssociation class="oracle.dbtools.crest.model.design.relational.FKIndexAssociation" directorySegmentName="seg_0" id="23E31D1D-786C-E492-96A0-9AD6B20F129E" containerWithKeyObject="EE4C68CA-B7FD-28CA-DA6F-FF5BAFDA2319" localFKIndex="B31FC14D-EDE6-B52A-E9D5-54FD5C526BA8" name="Employee2_JOB_FK">
<createdBy>VVerc</createdBy>
<createdTime>2022-09-10 13:21:01 UTC</createdTime>
<ownerDesignName>lab1</ownerDesignName>
<referredTableLongName>JOB</referredTableLongName>
<deleteRule>NO ACTION</deleteRule>
<referredTableID>7F831FE5-85B6-6692-128B-78BA4B60F7C9</referredTableID>
<keyObject>1291F7C5-C5C2-9360-6106-A1E650B627FA</keyObject>
<referredKeyID>1291F7C5-C5C2-9360-6106-A1E650B627FA</referredKeyID>
<mandatory>true</mandatory>
<refColNames>id</refColNames>
<transferable>true</transferable>
<rely>false</rely>
<columnDependencyConstraintGenerateInDDL>true</columnDependencyConstraintGenerateInDDL>
</FKIndexAssociation>