<?xml version = '1.0' encoding = 'UTF-8'?>
<FKIndexAssociation class="oracle.dbtools.crest.model.design.relational.FKIndexAssociation" directorySegmentName="seg_0" id="2D2DA809-D0E9-C03F-702D-497D5C03C2AD" containerWithKeyObject="9549A429-DF9D-0D0C-E855-3EA56F2C58F5" localFKIndex="23BF1FF1-3AEA-C6D3-1ADA-132454F2BBFC" name="Training Event_Training company_FK">
<createdBy>VVerc</createdBy>
<createdTime>2022-09-10 13:44:01 UTC</createdTime>
<ownerDesignName>lab1</ownerDesignName>
<referredTableLongName>Training company</referredTableLongName>
<arc>FC7039B2-34FC-2366-5406-6FD9F09BC192</arc>
<deleteRule>NO ACTION</deleteRule>
<referredTableID>35C2F3E6-4325-FE08-B144-6E90E21C83E0</referredTableID>
<keyObject>BF1CE8A7-F494-71D6-227E-6D7467B18AFD</keyObject>
<referredKeyID>BF1CE8A7-F494-71D6-227E-6D7467B18AFD</referredKeyID>
<mandatory>false</mandatory>
<refColNames>id</refColNames>
<transferable>true</transferable>
<rely>false</rely>
<columnDependencyConstraintGenerateInDDL>true</columnDependencyConstraintGenerateInDDL>
</FKIndexAssociation>