<?xml version = '1.0' encoding = 'UTF-8'?>
<FKIndexAssociation class="oracle.dbtools.crest.model.design.relational.FKIndexAssociation" directorySegmentName="seg_0" id="2E1AC773-7358-357E-6DFC-F258F32009F6" containerWithKeyObject="9549A429-DF9D-0D0C-E855-3EA56F2C58F5" localFKIndex="477E75E3-ACB9-E8AB-FD1A-6A9B3097F9F2" name="Training Event_In house trainer_FK">
<createdBy>VVerc</createdBy>
<createdTime>2022-09-10 13:44:13 UTC</createdTime>
<ownerDesignName>lab1</ownerDesignName>
<referredTableLongName>In house trainer</referredTableLongName>
<arc>FC7039B2-34FC-2366-5406-6FD9F09BC192</arc>
<deleteRule>NO ACTION</deleteRule>
<referredTableID>8AAD36CC-1DF6-35A5-018B-09472A660B4B</referredTableID>
<keyObject>F8167713-41D2-4DB8-7AE9-1EC7B1A4CDDF</keyObject>
<referredKeyID>F8167713-41D2-4DB8-7AE9-1EC7B1A4CDDF</referredKeyID>
<mandatory>false</mandatory>
<refColNames>id</refColNames>
<transferable>true</transferable>
<rely>false</rely>
<columnDependencyConstraintGenerateInDDL>true</columnDependencyConstraintGenerateInDDL>
</FKIndexAssociation>