<?xml version = '1.0' encoding = 'UTF-8'?>
<FKIndexAssociation class="oracle.dbtools.crest.model.design.relational.FKIndexAssociation" directorySegmentName="seg_0" id="2E9A9C28-C4D8-746F-99B6-B0B684FEE659" containerWithKeyObject="EE4C68CA-B7FD-28CA-DA6F-FF5BAFDA2319" localFKIndex="37850F9C-E532-DD26-A54A-A9C93D4B071E" name="Employee2_Departmentv2_FK">
<createdBy>VVerc</createdBy>
<createdTime>2022-09-10 13:20:41 UTC</createdTime>
<ownerDesignName>lab1</ownerDesignName>
<referredTableLongName>Departmentv2</referredTableLongName>
<deleteRule>NO ACTION</deleteRule>
<referredTableID>F4511D65-D417-4FE8-4B5D-53C21D1FD622</referredTableID>
<keyObject>2A3702E1-0AE1-49EB-775A-3A9AFF0B00FA</keyObject>
<referredKeyID>2A3702E1-0AE1-49EB-775A-3A9AFF0B00FA</referredKeyID>
<mandatory>true</mandatory>
<refColNames>id</refColNames>
<transferable>true</transferable>
<rely>false</rely>
<columnDependencyConstraintGenerateInDDL>true</columnDependencyConstraintGenerateInDDL>
</FKIndexAssociation>