<?xml version = '1.0' encoding = 'UTF-8'?>
<FKIndexAssociation class="oracle.dbtools.crest.model.design.relational.FKIndexAssociation" directorySegmentName="seg_0" id="4650792D-0BDC-0D27-449D-B2CB537FC39A" containerWithKeyObject="C82A54B6-DEF2-2CA1-A091-AD07470296B3" localFKIndex="2DE74547-167F-4A23-85D5-8584A579925B" name="Room_Suite_FK">
<createdBy>VVerc</createdBy>
<createdTime>2022-09-10 14:47:15 UTC</createdTime>
<ownerDesignName>lab1</ownerDesignName>
<referredTableLongName>Suite</referredTableLongName>
<deleteRule>NO ACTION</deleteRule>
<referredTableID>B9B7B2E0-1981-61E2-8471-2F5C4868DF87</referredTableID>
<keyObject>E1DEBC7B-E88A-140B-E717-70D13A881108</keyObject>
<referredKeyID>E1DEBC7B-E88A-140B-E717-70D13A881108</referredKeyID>
<mandatory>true</mandatory>
<refColNames>number</refColNames>
<transferable>true</transferable>
<rely>false</rely>
<columnDependencyConstraintGenerateInDDL>true</columnDependencyConstraintGenerateInDDL>
</FKIndexAssociation>