<?xml version = '1.0' encoding = 'UTF-8'?>
<FKIndexAssociation class="oracle.dbtools.crest.model.design.relational.FKIndexAssociation" directorySegmentName="seg_0" id="5C54AD44-5724-E877-EE8C-18E9FA514DBD" containerWithKeyObject="22FA60F4-D2AC-46E0-3477-824D61202CAB" localFKIndex="FB0B6B52-60E1-EC61-C9DF-04ECC1CAAD35" name="Event_Venue_FK">
<createdBy>VVerc</createdBy>
<createdTime>2022-09-10 14:40:31 UTC</createdTime>
<ownerDesignName>lab1</ownerDesignName>
<referredTableLongName>Venue</referredTableLongName>
<deleteRule>NO ACTION</deleteRule>
<referredTableID>95E935B0-C580-0271-9091-B980933ED71A</referredTableID>
<keyObject>7A8D8EBC-4F79-CF87-1643-C95E9FD00103</keyObject>
<referredKeyID>7A8D8EBC-4F79-CF87-1643-C95E9FD00103</referredKeyID>
<mandatory>true</mandatory>
<refColNames>id</refColNames>
<transferable>true</transferable>
<rely>false</rely>
<columnDependencyConstraintGenerateInDDL>true</columnDependencyConstraintGenerateInDDL>
</FKIndexAssociation>