<?xml version = '1.0' encoding = 'UTF-8'?>
<FKIndexAssociation class="oracle.dbtools.crest.model.design.relational.FKIndexAssociation" directorySegmentName="seg_0" id="5F6E401E-E5C5-2751-00BB-A561E66A5A36" containerWithKeyObject="C602E56C-5D45-E67E-3CAA-10FDBF4D2494" localFKIndex="7DAA707E-2877-65F1-50C6-5A532A1129F8" name="Relation_student_teacher_Student_FK">
<createdBy>VVerc</createdBy>
<createdTime>2022-09-10 11:24:05 UTC</createdTime>
<ownerDesignName>lab1</ownerDesignName>
<referredTableLongName>Student</referredTableLongName>
<deleteRule>NO ACTION</deleteRule>
<referredTableID>166D74B4-0A2D-5EA2-D858-8D4650E71030</referredTableID>
<keyObject>37DE8F75-9E3F-E516-4ED2-132B4E87F516</keyObject>
<referredKeyID>37DE8F75-9E3F-E516-4ED2-132B4E87F516</referredKeyID>
<mandatory>true</mandatory>
<refColNames>student_id</refColNames>
<transferable>true</transferable>
<rely>false</rely>
<columnDependencyConstraintGenerateInDDL>true</columnDependencyConstraintGenerateInDDL>
</FKIndexAssociation>