<?xml version = '1.0' encoding = 'UTF-8'?>
<FKIndexAssociation class="oracle.dbtools.crest.model.design.relational.FKIndexAssociation" directorySegmentName="seg_0" id="8178CEE6-D6B9-7AB7-2311-3F0D13E67263" containerWithKeyObject="DA558FA9-5C7B-21CE-3A0C-14CE26A10777" localFKIndex="CFD47A72-38CB-11C2-D8D1-F4ED00796243" name="Employee_Department_FK">
<createdBy>VVerc</createdBy>
<createdTime>2022-09-10 11:17:24 UTC</createdTime>
<ownerDesignName>lab1</ownerDesignName>
<referredTableLongName>Department</referredTableLongName>
<deleteRule>NO ACTION</deleteRule>
<referredTableID>E68A2A02-F154-3DD9-45C2-5B229C7E6EF4</referredTableID>
<keyObject>A5259CB6-14BC-4368-A7EA-DE1B34F29EB2</keyObject>
<referredKeyID>A5259CB6-14BC-4368-A7EA-DE1B34F29EB2</referredKeyID>
<mandatory>true</mandatory>
<refColNames>department_id</refColNames>
<transferable>true</transferable>
<rely>false</rely>
<columnDependencyConstraintGenerateInDDL>true</columnDependencyConstraintGenerateInDDL>
</FKIndexAssociation>