<?xml version = '1.0' encoding = 'UTF-8'?>
<FKIndexAssociation class="oracle.dbtools.crest.model.design.relational.FKIndexAssociation" directorySegmentName="seg_0" id="C494226F-6F5C-E029-6DBC-37E7EE6ABE76" containerWithKeyObject="30E97A9F-EE3A-5E90-4F86-B0860C9DCEAC" localFKIndex="AE1AC942-249F-413A-699B-875CCFAB0D81" name="Public space_Venue_FK">
<createdBy>VVerc</createdBy>
<createdTime>2022-09-10 14:41:58 UTC</createdTime>
<ownerDesignName>lab1</ownerDesignName>
<referredTableLongName>Venue</referredTableLongName>
<deleteRule>NO ACTION</deleteRule>
<referredTableID>95E935B0-C580-0271-9091-B980933ED71A</referredTableID>
<keyObject>7A8D8EBC-4F79-CF87-1643-C95E9FD00103</keyObject>
<referredKeyID>7A8D8EBC-4F79-CF87-1643-C95E9FD00103</referredKeyID>
<mandatory>true</mandatory>
<refColNames>id</refColNames>
<transferable>true</transferable>
<rely>false</rely>
<columnDependencyConstraintGenerateInDDL>true</columnDependencyConstraintGenerateInDDL>
</FKIndexAssociation>