<?xml version = '1.0' encoding = 'UTF-8'?>
<FKIndexAssociation class="oracle.dbtools.crest.model.design.relational.FKIndexAssociation" directorySegmentName="seg_0" id="C53D8533-942C-DD78-CC73-262C06A333C4" containerWithKeyObject="C602E56C-5D45-E67E-3CAA-10FDBF4D2494" localFKIndex="00BE5A60-5B87-786A-E1E7-27DDAD96DDD8" name="Relation_student_teacher_Teacher_FK">
<createdBy>VVerc</createdBy>
<createdTime>2022-09-10 11:24:30 UTC</createdTime>
<ownerDesignName>lab1</ownerDesignName>
<referredTableLongName>Teacher</referredTableLongName>
<deleteRule>NO ACTION</deleteRule>
<referredTableID>FC604FD8-E918-914C-31BF-374E42609D5E</referredTableID>
<keyObject>FB091F12-A6B5-07E6-E529-2AC2A1F5C96A</keyObject>
<referredKeyID>FB091F12-A6B5-07E6-E529-2AC2A1F5C96A</referredKeyID>
<mandatory>true</mandatory>
<refColNames>teacher_id</refColNames>
<transferable>true</transferable>
<rely>false</rely>
<columnDependencyConstraintGenerateInDDL>true</columnDependencyConstraintGenerateInDDL>
</FKIndexAssociation>