<?xml version = '1.0' encoding = 'UTF-8'?>
<FKIndexAssociation class="oracle.dbtools.crest.model.design.relational.FKIndexAssociation" directorySegmentName="seg_0" id="CA278F89-FDC2-69CB-032F-50F4B87B48B8" containerWithKeyObject="B9B7B2E0-1981-61E2-8471-2F5C4868DF87" localFKIndex="893E5C76-0C7A-74BC-45BE-5C33A3C253B4" name="Suite_Floor_FK">
<createdBy>VVerc</createdBy>
<createdTime>2022-09-10 14:47:29 UTC</createdTime>
<ownerDesignName>lab1</ownerDesignName>
<referredTableLongName>Floor</referredTableLongName>
<deleteRule>NO ACTION</deleteRule>
<referredTableID>79D33FB9-1D21-9F46-B481-AAA787EE9051</referredTableID>
<keyObject>883CE70F-86D8-0660-7FD8-7779FFF467A9</keyObject>
<referredKeyID>883CE70F-86D8-0660-7FD8-7779FFF467A9</referredKeyID>
<mandatory>true</mandatory>
<refColNames>number</refColNames>
<transferable>true</transferable>
<rely>false</rely>
<columnDependencyConstraintGenerateInDDL>true</columnDependencyConstraintGenerateInDDL>
</FKIndexAssociation>