<?xml version = '1.0' encoding = 'UTF-8'?>
<FKIndexAssociation class="oracle.dbtools.crest.model.design.relational.FKIndexAssociation" directorySegmentName="seg_0" id="D234D3C1-25F5-8891-83CF-39F9C3802599" containerWithKeyObject="49348CB4-FCCA-B52A-593B-CBDCF70201CD" localFKIndex="FCF31BF3-AFB2-3BC8-4A1B-E1D2307619DB" name="Receipt_Studentv2_FK">
<createdBy>VVerc</createdBy>
<createdTime>2022-09-10 13:33:14 UTC</createdTime>
<ownerDesignName>lab1</ownerDesignName>
<referredTableLongName>Studentv2</referredTableLongName>
<deleteRule>CASCADE</deleteRule>
<referredTableID>56C7F98F-1AA4-B72F-6F00-401EBAF9D44A</referredTableID>
<keyObject>BB7554AC-4F34-E75E-9E7A-806796002129</keyObject>
<referredKeyID>BB7554AC-4F34-E75E-9E7A-806796002129</referredKeyID>
<mandatory>true</mandatory>
<refColNames>id</refColNames>
<transferable>false</transferable>
<rely>false</rely>
<columnDependencyConstraintGenerateInDDL>true</columnDependencyConstraintGenerateInDDL>
</FKIndexAssociation>