<?xml version = '1.0' encoding = 'UTF-8'?>
<FKIndexAssociation class="oracle.dbtools.crest.model.design.relational.FKIndexAssociation" directorySegmentName="seg_0" id="D25E1566-ADB3-024F-50DC-706ACF464025" containerWithKeyObject="79D33FB9-1D21-9F46-B481-AAA787EE9051" localFKIndex="854F36ED-90B3-E4A9-6CF3-DA83A570C1C2" name="Floor_Building_FK">
<createdBy>VVerc</createdBy>
<createdTime>2022-09-10 14:47:34 UTC</createdTime>
<ownerDesignName>lab1</ownerDesignName>
<referredTableLongName>Building</referredTableLongName>
<deleteRule>NO ACTION</deleteRule>
<referredTableID>20A249A8-1FD4-3D85-39EA-48AB51A1ADCC</referredTableID>
<keyObject>248AC341-0875-A402-6735-7B19494673EC</keyObject>
<referredKeyID>248AC341-0875-A402-6735-7B19494673EC</referredKeyID>
<mandatory>true</mandatory>
<refColNames>id</refColNames>
<transferable>true</transferable>
<rely>false</rely>
<columnDependencyConstraintGenerateInDDL>true</columnDependencyConstraintGenerateInDDL>
</FKIndexAssociation>