<?xml version = '1.0' encoding = 'UTF-8'?>
<FKIndexAssociation class="oracle.dbtools.crest.model.design.relational.FKIndexAssociation" directorySegmentName="seg_0" id="F7ED37BF-EFF1-8B01-61D2-4FF4714573AE" containerWithKeyObject="DA04430C-0A65-80E4-CFFA-4B5C3E0FCCA7" localFKIndex="4D1F3D81-7112-AF89-2F9C-74F0C5C133F7" name="Private home_Venue_FK">
<createdBy>VVerc</createdBy>
<createdTime>2022-09-10 14:41:47 UTC</createdTime>
<ownerDesignName>lab1</ownerDesignName>
<referredTableLongName>Venue</referredTableLongName>
<deleteRule>NO ACTION</deleteRule>
<referredTableID>95E935B0-C580-0271-9091-B980933ED71A</referredTableID>
<keyObject>7A8D8EBC-4F79-CF87-1643-C95E9FD00103</keyObject>
<referredKeyID>7A8D8EBC-4F79-CF87-1643-C95E9FD00103</referredKeyID>
<mandatory>true</mandatory>
<refColNames>id</refColNames>
<transferable>true</transferable>
<rely>false</rely>
<columnDependencyConstraintGenerateInDDL>true</columnDependencyConstraintGenerateInDDL>
</FKIndexAssociation>