<?xml version = '1.0' encoding = 'UTF-8'?>
<Relation class="oracle.dbtools.crest.model.design.logical.Relation" name="Relation_9" directorySegmentName="seg_0" id="1054F590-1A1B-9D06-A972-DF56FC51A70F">
<createdBy>VVerc</createdBy>
<createdTime>2022-09-10 07:22:07 UTC</createdTime>
<ownerDesignName>lab1</ownerDesignName>
<engineerTo>
<item key="9EC62C8F-9927-C823-A37F-CEF7D42F4A60" value="true"/>
</engineerTo>
<targetPk>EF277C46-731E-72A6-E4ED-31183668CD53</targetPk>
<arc>B7BE5968-EA3F-1708-C941-51B93B50A9BD</arc>
<identifying>false</identifying>
<nameOnSource>hosted by</nameOnSource>
<nameOnTarget>host</nameOnTarget>
<optionalSource>false</optionalSource>
<optionalTarget>true</optionalTarget>
<sourceCardinality>*</sourceCardinality>
<sourceEntity>5C6880D9-9C52-13DC-4F14-EE1DCABD6F47</sourceEntity>
<targetCardinalityString>1</targetCardinalityString>
<targetEntity>50AA781E-05A1-4858-8640-BB18895479D3</targetEntity>
<transferable>true</transferable>
<deleteRule>NO ACTION</deleteRule>
</Relation>