<?xml version = '1.0' encoding = 'UTF-8'?>
<Relation class="oracle.dbtools.crest.model.design.logical.Relation" name="Relation_14" directorySegmentName="seg_0" id="45DCDA65-F7F4-49C4-8604-25161F68858F">
<createdBy>VVerc</createdBy>
<createdTime>2022-09-10 07:43:27 UTC</createdTime>
<ownerDesignName>lab1</ownerDesignName>
<engineerTo>
<item key="9EC62C8F-9927-C823-A37F-CEF7D42F4A60" value="true"/>
</engineerTo>
<identifying>false</identifying>
<nameOnSource>located within</nameOnSource>
<nameOnTarget>the location of</nameOnTarget>
<optionalSource>false</optionalSource>
<optionalTarget>true</optionalTarget>
<sourceCardinality>*</sourceCardinality>
<sourceEntity>FB134891-2AA5-B7C1-40CD-7EF3CAAA1870</sourceEntity>
<targetCardinalityString>1</targetCardinalityString>
<targetEntity>2224859D-7336-6F04-A843-B484F6D7BAC6</targetEntity>
<transferable>true</transferable>
<deleteRule>NO ACTION</deleteRule>
</Relation>