<?xml version = '1.0' encoding = 'UTF-8'?>
<Relation class="oracle.dbtools.crest.model.design.logical.Relation" name="Relation_15" directorySegmentName="seg_0" id="4C09AE40-56E5-CF0A-DD05-7977E6D2CDB6">
<createdBy>VVerc</createdBy>
<createdTime>2022-09-10 07:56:49 UTC</createdTime>
<ownerDesignName>lab1</ownerDesignName>
<engineerTo>
<item key="9EC62C8F-9927-C823-A37F-CEF7D42F4A60" value="true"/>
</engineerTo>
<targetPk>7A4C5052-BDA4-BB25-5D7C-FDDF08EF5E92</targetPk>
<identifying>false</identifying>
<nameOnSource>managed by</nameOnSource>
<nameOnTarget>the manager of</nameOnTarget>
<optionalSource>true</optionalSource>
<optionalTarget>true</optionalTarget>
<sourceCardinality>*</sourceCardinality>
<sourceEntity>F73B4718-8605-32EA-B6F2-C5934A446BD9</sourceEntity>
<targetCardinalityString>1</targetCardinalityString>
<targetEntity>F73B4718-8605-32EA-B6F2-C5934A446BD9</targetEntity>
<transferable>true</transferable>
<deleteRule>NO ACTION</deleteRule>
</Relation>