<?xml version = '1.0' encoding = 'UTF-8'?>
<Relation class="oracle.dbtools.crest.model.design.logical.Relation" name="Relation_8" directorySegmentName="seg_0" id="8AD9FDCE-DDB4-3669-DD26-E6D6D90914A8">
<createdBy>VVerc</createdBy>
<createdTime>2022-09-10 07:08:55 UTC</createdTime>
<ownerDesignName>lab1</ownerDesignName>
<engineerTo>
<item key="9EC62C8F-9927-C823-A37F-CEF7D42F4A60" value="true"/>
</engineerTo>
<sourceTransferable>false</sourceTransferable>
<identifying>false</identifying>
<nameOnSource>issued to</nameOnSource>
<nameOnTarget>issued</nameOnTarget>
<optionalSource>false</optionalSource>
<optionalTarget>true</optionalTarget>
<sourceCardinality>*</sourceCardinality>
<sourceEntity>64047373-5FE0-3F6E-ED42-917F25C766AA</sourceEntity>
<targetCardinalityString>1</targetCardinalityString>
<targetEntity>C084D31A-B42A-6C2C-80CA-2D1011E1457A</targetEntity>
<transferable>true</transferable>
<deleteRule>NO ACTION</deleteRule>
</Relation>