<?xml version = '1.0' encoding = 'UTF-8'?>
<Relation class="oracle.dbtools.crest.model.design.logical.Relation" name="Relation_2" directorySegmentName="seg_0" id="969C3409-2248-B2B2-FEB7-4AD69E596175">
<createdBy>VVerc</createdBy>
<createdTime>2022-09-10 06:42:00 UTC</createdTime>
<ownerDesignName>lab1</ownerDesignName>
<engineerTo>
<item key="9EC62C8F-9927-C823-A37F-CEF7D42F4A60" value="true"/>
</engineerTo>
<targetPk>EFFC19FA-CCC3-5C2E-1930-905072782995</targetPk>
<identifying>false</identifying>
<nameOnSource>assigned</nameOnSource>
<nameOnTarget>assigned to</nameOnTarget>
<optionalSource>false</optionalSource>
<optionalTarget>true</optionalTarget>
<sourceCardinality>*</sourceCardinality>
<sourceEntity>65E75B83-5F34-D889-E9AA-561529B23B08</sourceEntity>
<targetCardinalityString>1</targetCardinalityString>
<targetEntity>D91A1DDC-B17B-409F-5252-3D317544FA7F</targetEntity>
<transferable>true</transferable>
<deleteRule>NO ACTION</deleteRule>
</Relation>