<?xml version = '1.0' encoding = 'UTF-8'?>
<Relation class="oracle.dbtools.crest.model.design.logical.Relation" name="Relation_7" directorySegmentName="seg_0" id="99687040-86A8-41E1-080E-A7168066F6F8">
<createdBy>VVerc</createdBy>
<createdTime>2022-09-10 06:50:14 UTC</createdTime>
<ownerDesignName>lab1</ownerDesignName>
<engineerTo>
<item key="9EC62C8F-9927-C823-A37F-CEF7D42F4A60" value="true"/>
</engineerTo>
<identifying>false</identifying>
<nameOnSource>assigned to</nameOnSource>
<nameOnTarget>responsible for</nameOnTarget>
<optionalSource>false</optionalSource>
<optionalTarget>true</optionalTarget>
<sourceCardinality>*</sourceCardinality>
<sourceEntity>DAFC9EB6-CF52-2111-EE05-E48658E58972</sourceEntity>
<targetCardinalityString>1</targetCardinalityString>
<targetEntity>2D1C3AF5-9C6F-6D20-3571-16F0B7371E82</targetEntity>
<transferable>true</transferable>
<deleteRule>NO ACTION</deleteRule>
</Relation>