<?xml version = '1.0' encoding = 'UTF-8'?>
<Relation class="oracle.dbtools.crest.model.design.logical.Relation" name="Relation_2v1" directorySegmentName="seg_0" id="9DB9B036-7E7B-2104-FEB7-3FC70E3FD342">
<createdBy>VVerc</createdBy>
<createdTime>2022-09-10 06:46:24 UTC</createdTime>
<ownerDesignName>lab1</ownerDesignName>
<engineerTo>
<item key="9EC62C8F-9927-C823-A37F-CEF7D42F4A60" value="true"/>
</engineerTo>
<identifying>false</identifying>
<nameOnSource>learns from</nameOnSource>
<nameOnTarget>educates</nameOnTarget>
<optionalSource>true</optionalSource>
<optionalTarget>true</optionalTarget>
<sourceCardinality>*</sourceCardinality>
<sourceEntity>9E123AF1-6C63-5E2F-7897-ABACE4FCA662</sourceEntity>
<targetCardinalityString>*</targetCardinalityString>
<targetEntity>E308FFD9-E760-7F1F-57FB-6799CC2165F4</targetEntity>
<transferable>true</transferable>
<deleteRule>NO ACTION</deleteRule>
</Relation>