<?xml version = '1.0' encoding = 'UTF-8'?>
<Relation class="oracle.dbtools.crest.model.design.logical.Relation" name="Relation_13" directorySegmentName="seg_0" id="A7B1C4DD-BE88-BFE2-97B5-C0710D5648F3">
<createdBy>VVerc</createdBy>
<createdTime>2022-09-10 07:39:33 UTC</createdTime>
<ownerDesignName>lab1</ownerDesignName>
<engineerTo>
<item key="9EC62C8F-9927-C823-A37F-CEF7D42F4A60" value="true"/>
</engineerTo>
<targetPk>7BAED464-3CB8-3E11-2EF2-5C420632649D</targetPk>
<identifying>true</identifying>
<nameOnSource>located within </nameOnSource>
<nameOnTarget>the location of</nameOnTarget>
<optionalSource>false</optionalSource>
<optionalTarget>true</optionalTarget>
<sourceCardinality>*</sourceCardinality>
<sourceEntity>70E44A0A-3B43-26C4-D4F9-13B79B28B016</sourceEntity>
<targetCardinalityString>1</targetCardinalityString>
<targetEntity>FB134891-2AA5-B7C1-40CD-7EF3CAAA1870</targetEntity>
<transferable>true</transferable>
<deleteRule>NO ACTION</deleteRule>
</Relation>