<?xml version = '1.0' encoding = 'UTF-8'?>
<Relation class="oracle.dbtools.crest.model.design.logical.Relation" name="Relation_1" directorySegmentName="seg_0" id="AEB105A5-A008-FD4E-9924-BB3EB72CE7AB">
<createdBy>VVerc</createdBy>
<createdTime>2022-09-10 06:42:00 UTC</createdTime>
<ownerDesignName>lab1</ownerDesignName>
<engineerTo>
<item key="9EC62C8F-9927-C823-A37F-CEF7D42F4A60" value="true"/>
</engineerTo>
<targetPk>2CF4CE12-B889-3461-00CF-70B1DCC20F62</targetPk>
<identifying>false</identifying>
<nameOnSource>works in</nameOnSource>
<nameOnTarget>responsible for</nameOnTarget>
<optionalSource>false</optionalSource>
<optionalTarget>true</optionalTarget>
<sourceCardinality>*</sourceCardinality>
<sourceEntity>65E75B83-5F34-D889-E9AA-561529B23B08</sourceEntity>
<targetCardinalityString>1</targetCardinalityString>
<targetEntity>746CFD26-72A0-949C-29D1-F7D2317DE1B7</targetEntity>
<transferable>true</transferable>
<deleteRule>NO ACTION</deleteRule>
</Relation>