<?xml version = '1.0' encoding = 'UTF-8'?>
<Relation class="oracle.dbtools.crest.model.design.logical.Relation" name="Relation_10" directorySegmentName="seg_0" id="B2BA3068-A92E-20CD-1802-660329120DFA">
<createdBy>VVerc</createdBy>
<createdTime>2022-09-10 07:22:55 UTC</createdTime>
<ownerDesignName>lab1</ownerDesignName>
<engineerTo>
<item key="9EC62C8F-9927-C823-A37F-CEF7D42F4A60" value="true"/>
</engineerTo>
<targetPk>B8F51297-6D3B-8815-41EB-4307F4C10D16</targetPk>
<arc>B7BE5968-EA3F-1708-C941-51B93B50A9BD</arc>
<identifying>false</identifying>
<nameOnSource>hosted by</nameOnSource>
<nameOnTarget>host</nameOnTarget>
<optionalSource>false</optionalSource>
<optionalTarget>true</optionalTarget>
<sourceCardinality>*</sourceCardinality>
<sourceEntity>5C6880D9-9C52-13DC-4F14-EE1DCABD6F47</sourceEntity>
<targetCardinalityString>1</targetCardinalityString>
<targetEntity>B27BDF33-860F-742C-CDD5-7F55F2CEE000</targetEntity>
<transferable>true</transferable>
<deleteRule>NO ACTION</deleteRule>
</Relation>