<?xml version = '1.0' encoding = 'UTF-8'?>
<Relation class="oracle.dbtools.crest.model.design.logical.Relation" name="Relation_11" directorySegmentName="seg_0" id="CF29BB1A-06AC-348F-0B02-B67224A0F887">
<createdBy>VVerc</createdBy>
<createdTime>2022-09-10 07:30:18 UTC</createdTime>
<ownerDesignName>lab1</ownerDesignName>
<engineerTo>
<item key="9EC62C8F-9927-C823-A37F-CEF7D42F4A60" value="true"/>
</engineerTo>
<targetPk>431871AF-DEF4-040E-BF8E-955BDFE6EE16</targetPk>
<identifying>false</identifying>
<nameOnSource>held at</nameOnSource>
<nameOnTarget>the venue for</nameOnTarget>
<optionalSource>false</optionalSource>
<optionalTarget>true</optionalTarget>
<sourceCardinality>*</sourceCardinality>
<sourceEntity>DD66857A-4F85-116F-E766-3A8EC3556708</sourceEntity>
<targetCardinalityString>1</targetCardinalityString>
<targetEntity>B658D3C4-7601-2D76-30B4-6B0AD9B6D96B</targetEntity>
<transferable>true</transferable>
<deleteRule>NO ACTION</deleteRule>
</Relation>