<?xml version = '1.0' encoding = 'UTF-8'?>
<Relation class="oracle.dbtools.crest.model.design.logical.Relation" name="Relation_12" directorySegmentName="seg_0" id="F74D0724-161B-EDAD-ACC5-D871DB6C6766">
<createdBy>VVerc</createdBy>
<createdTime>2022-09-10 07:37:12 UTC</createdTime>
<ownerDesignName>lab1</ownerDesignName>
<engineerTo>
<item key="9EC62C8F-9927-C823-A37F-CEF7D42F4A60" value="true"/>
</engineerTo>
<targetPk>4E670309-1801-FCD5-FEA5-21E4D5A930A0</targetPk>
<identifying>true</identifying>
<nameOnSource>located within</nameOnSource>
<nameOnTarget>the location of</nameOnTarget>
<optionalSource>false</optionalSource>
<optionalTarget>true</optionalTarget>
<sourceCardinality>*</sourceCardinality>
<sourceEntity>6FF3064D-CAA4-903B-975C-26F0052BC17D</sourceEntity>
<targetCardinalityString>1</targetCardinalityString>
<targetEntity>70E44A0A-3B43-26C4-D4F9-13B79B28B016</targetEntity>
<transferable>true</transferable>
<deleteRule>NO ACTION</deleteRule>
</Relation>